,date,title,lede,writing,journalist,news_url,img_url,content,img_coment
0,20211114,변화하는 세상|, 줄어드는 특성화고 신입생 잡아라…서울시교육청|, 21개교 27개학과 개편,[경향신문]  친환경·AI 접목 ‘체질 개선’ 재구조화 학과엔 5억씩 지원  서울시교육청이 4차 산업·신산업 분야 인재양성을 위 …,경향신문,,https://news.naver.com/main/read.naver?mode=LS2D&mid=shm&sid1=102&sid2=250&oid=032&aid=0003110080,,		[경향신문] 친환경·AI 접목 ‘체질 개선’재구조화 학과엔 5억씩 지원서울시교육청이 4차 산업·신산업 분야 인재양성을 위해 특성화고 학과 개편·재구조화를 추진하고 학과당 5억원씩 지원한다.교육청은 21개교 27개 학과가 재구조화 사업에 선정됐다고 14일 밝혔다. 교육청은 2016년부터 교육부와 특성화고 학과 재구조화를 진행하고 있다. 지역 여건과 산업 수요에 맞춘 인재 양성이 취지다.올해 선정된 학과를 보면 기존 자동차학과는 친환경자동차과나 미래자동차과로|, 국제통상과는 스마트펫경영과로 이름과 커리큘럼이 개편된다. 또 세무행정과는 스마트행정과|, 컴퓨터전자과는 인공지능컴퓨팅과로 바뀐다.교육청은 이들 학과의 실습환경 개선을 위한 시설·기자재 확보와 학생의 교육활동|, 학습자료 개발 등을 위해 학과당 5억원의 예산을 지원한다. 교육과정 운영에 대한 연수를 통해 해당 학과의 신입생 모집 준비도 지원한다.또 인공지능(AI) 분야로 학과를 개편한 특성화고는 인공지능 고등학교로 선정해 학교당 3억원씩을 지원한다. 지난해에 4개교가 선정됐고 올해도 광운전자공업고|, 세명컴퓨터고|, 한세사이버보안고|, 송파공업고 등 4개교가 선정됐다.특성화고가 매년 학과 개편에 나서는 배경 중 하나는 떨어지는 신입생 충원율이다. 서울 전체 특성화고 신입생 충원율은 2016년 99.4%에 달했지만 2018년 87.1%로 떨어졌고|, 올해는 83.9%까지 하락했다.신입생 모집 정원을 채우지 못한 학교도 2016년 10개교에 불과했지만 올해는 70개 학교 중 49개교가 정원을 채우지 못했다. 학령인구 감소와 더불어 최근에는 코로나19 사태로 인해 특성화고의 취업률이 떨어진 것이 영향을 미친 것으로 보인다. 조희연 서울시교육감은 “4차 산업혁명 시대에 부응하는 특성화고 교육시스템을 마련해 직업교육을 활성화하고|, 신산업 분야 기술인재를 양성할 수 있도록 지원하겠다”고 말했다.,
1,20211114,대입 1년 남은 高2|, 인서울 목표라면 ‘정시 40% 이상’ 체크,2023학년도 대입 전형 어떻게 바뀌나 수도권 16개 대학 수능 위주 전형 확대 지방대는 ‘학생부교과’ 비율 가장 높아 서울대  …,세계일보,정필재 기자,https://news.naver.com/main/read.naver?mode=LS2D&mid=shm&sid1=102&sid2=250&oid=022&aid=0003637951,https://imgnews.pstatic.net/image/origin/022/2021/11/14/3637951.jpg,2023학년도 대입 전형 어떻게 바뀌나수도권 16개 대학 수능 위주 전형 확대지방대는 ‘학생부교과’ 비율 가장 높아서울대 수능최저기준 완화|, 성대는 높여현 모의고사 성적 기반 지망대학 설계내신·학생부 경쟁력 등 본인 위치 점검대학별 달라진 전형 잘 보고 전략 짜야   2022학년도 대학수학능력시험(수능)이 코앞으로 다가오면서 고2 학생들의 대입 긴장감도 조금씩 달아오를 전망이다. 입시 전문가들은 자신의 현재 상황을 정확히 파악하고 지금부터 목표를 세워 2023학년도 입시를 준비하는 것이 좋다고 조언한다.  14일 한국대학교육협의회(대교협)에 따르면 2023학년도 수능은 내년 11월17일 시행된다. 수시모집은 내년 9월13∼17일 진행되고 합격자는 12월15일 발표된다. 정시모집 원서접수는 같은 해 12월29일부터 2023년 1월2일까지 각 학교 일정에 따라 3일 이상 진행된다. 모집 정원은 모두 34만9124명이다.  ◆2023학년도 대입 어떻게 바뀌나  고2 학생들이 대입을 치르는 2023학년도 입시의 경우 전체적으로 수시모집 비중이 늘고 정시모집 비중은 준다. 하지만 수도권 대학만 놓고 본다면 정시모집이 확대된다. 교육부의 권고에 따라 수도권의 16개 주요 대학에서는 수능 위주의 정시 비중을 40% 이상으로 확대하기 때문이다. 그만큼 수능이 중요해졌다는 의미다. 반면 비수도권에서는 수시 학생부교과전형의 비율이 가장 높다. 비수도권에서는 전체 선발 인원의 58.4%를 이 전형으로 모집한다.  대학의 전형별 선발 비율도 중요하지만 세부 변경사항도 반드시 확인해야 한다. 2022학년도 입시와 달라진 점이 있다면 그 변화의 유불리를 따져보고 부족한 부분은 미리 준비해야 한다.      서울 주요 대학을 중심으로 수시 학생부위주전형에서 수능최저학력기준을 변경한 대학도 미리 파악해야 한다. 고려대는 교과전형에서 수능최저기준을 완화했다. 내신의 중요성이 커졌다는 뜻이다. 반대로 성균관대는 수능최저기준을 강화해 커트라인을 높였다. 종합전형에서는 서울대(지역균형전형)와 이화여대(자연계열)가 수능최저학력기준을 완화했다.    교과전형에서 서류평가를 새로 도입한 대학도 있다. 건국대는 2022학년도에 교과 100%로 평가했으나 2023학년도에는 교과 비중을 70%로 낮췄고 30%의 서류평가를 도입했다. 서류평가는 학생부종합전형과 동일한 방법으로 이뤄진다. 단|, 수능최저학력기준은 폐지했다. 경희대는 교과종합평가를 30% 반영한다. 학생부 교과학습발달상황의 교과성적과 세부능력 및 특기사항만을 평가자료로 활용하여 과목별 ‘교과이수 충실도’와 ‘학업수행 충실도’를 정성적으로 평가한다. 2022학년도 교과전형에서 이미 서류 및 교과 정성평가를 반영했던 고려대|, 동국대|, 성균관대는 2023학년도에도 이를 유지한 가운데 동국대의 경우 서류평가의 비율을 40%에서 30%로 낮췄다.  ◆자신에게 유리한 전형을 찾아라  전문가들은 현재 고2 학생들의 대입 전략과 관련|, 먼저 모의고사 성적을 기반으로 추정한 수능에서의 예상 위치를 파악한 뒤 정시 합격권을 기준삼아 전략을 세우는 게 낫다고 말한다. 3학년 모의고사보다는 쉽고 재학생끼리만 경쟁하기 때문에 절대적인 기준으로 삼지 말고 자신의 대략적인 위치를 파악하는 데 활용하라는 것이다.  정시에서는 같은 등급이라도 백분위점수에 따라 지원 대학 수준이 크게 달라지므로 과목별 평균백분위를 통해 지원 가능 대학권을 확인해야 한다. 백분위점수에 따른 지원 가능 대학은 입시기관의 홈페이지나|, 대학에서 발표하는 전년도 합격결과 자료를 참고하면 된다.  모의고사 성적이 내신성적에 비해 좋을 경우 논술전형을 비롯해 수능최저기준이 높게 설정된 전형을 고려해볼 수 있다. 반대로 내신성적이 더 우수한 학생이라면 정시보다는 수시에 비중을 두되 수능 최저 여부를 함께 체크하여 준비하는 것이 유리하다.  정시 기준 위치를 대략적으로 확인했다면 학생부를 살펴봐야 한다. 수시에서 어떤 전략을 세울지 고민해 봐야 하기 때문이다. 희망하는 대학에서 요구하는 수준을 충족시킬 만한 내신성적인지|, 활동이 부족하지는 않은지 등을 살펴보는 과정이 필요하다. 학생부에 기록돼 있는 내용을 통해 학업역량이나 전공적합성|, 인성|, 발전가능성 등을 살펴보고 학생부종합전형의 주요 평가요소 중 어떤 역량을 보여줄 수 있을지 체크해 수시를 지원해야 한다.  자신의 학생부 경쟁력을 스스로 판단하기에는 어려움이 있으니 기본적으로 교사 등을 통해 조언을 구하면 도움이 될 수 있다. 교육청에서 발간하는 합격 사례집 등을 통해 본인에게 도움이 되는 정보를 얻는 것도 괜찮다. 이러한 과정을 통해 수시 교과전형과 종합전형에서의 가능성을 타진해 보고 이후 어떤 전형을 공략하여 준비할지를 판단해야 한다.  우연철 진학사 입시전략연구소장은 “고등학교 2학년 2학기 기말고사 시즌이 되면 교과성적을 어느 정도 확인할 수 있기 때문에 현재까지의 상황을 점검하고 전략을 세우기에 알맞은 시점”이라며 “지금까지 성과를 냉정히 평가한 뒤 여러 대입전형에서 모든 가능성을 염두에 두고 도전할지|, 선택과 집중을 통해 자신의 강점을 극대화할지 판단할 필요가 있다”고 말했다.,
2,20211114,휴대폰·샤프Ｘ 연필·수정테이프Ｏ… 수능 준비물 총정리,마스크 KF만 인정… 밸브형 등 안 돼 스마트기기 소지 땐 부정행위자 처리 사진=뉴시스 2022학년도 대학수학능력시험(18일)  …,세계일보,안병수 기자,https://news.naver.com/main/read.naver?mode=LS2D&mid=shm&sid1=102&sid2=250&oid=022&aid=0003637950,https://imgnews.pstatic.net/image/origin/022/2021/11/14/3637950.jpg,마스크 KF만 인정… 밸브형 등 안 돼스마트기기 소지 땐 부정행위자 처리    사진=뉴시스    2022학년도 대학수학능력시험(18일) 응시생들은 사전에 준비물을 꼼꼼히 챙겨 시험 볼 때 당혹스러운 상황을 방지하는 것도 매우 중요하다. 수능은 시험의 공정성을 위해 반입 물품에 대한 엄격한 규제를 적용하고 있다.  14일 교육계에 따르면 지난해에 이어 올해에도 수험생들은 코로나19 방역차원에서 입실부터 퇴실까지 마스크를 의무적으로 착용해야 한다. 교육당국은 식품의약품안전처에서 허가한 의약외품 마스크(KF94|, KF80|, KF-AD 등) 사용을 권장하고 있다. 밸브형 마스크|, 망사 마스크는 해당되지 않으니 반드시 확인하자. 아울러 마스크 분실 및 오염에 대비해 여분의 마스크도 챙기는 것이 좋다.  본인 확인을 위해 수험표와 신분증도 반드시 챙겨야 한다. 신분증은 주민등록증 외에 운전면허증이나 여권으로 대체가 가능하며 청소년증|, 학생증(사진|, 성명|, 생년월일|, 학교장 직인이 기재된)도 허용된다. 수험표를 분실했을 경우를 대비해 응시원서에 붙인 사진과 같은 원판으로 인화한 비상용 사진 1매를 추가로 준비하자.  부정행위 방지를 위해 수능시험에서는 샤프와 사인펜을 수험생들에게 일괄 지급한다. 그러다 보니 수능 출제기관인 한국교육과정평가원이 제공하는 펜 외에 사용할 수 없는 것으로 오해하는 경우가 있다. 하지만 휴대 가능한 물품으로 흑색 연필|, 지우개|, 흑색 샤프심(0.5mm)|, 수정테이프 등이 포함돼 있다. 다만 샤프는 개인 휴대가 불가능한 점을 유의해야 한다. 수정테이프는 감독관이 가지고 있기는 하지만 따로 요청을 하는 게 번거로울 수 있으니 개인적으로 챙기는 것을 추천한다.  점심 도시락 외에 수험생들이 챙기면 좋은 준비물에는 물과 간식|, 상비약이 있다. 쉬는 시간마다 마실 물을 준비하는 것이 필요하고|, 긴장 완화를 위해 허브 티백 정도 챙기는 것도 괜찮다. 긴장되는 상황에서 급체나 두통이 올 수 있기 때문에 소화제나 두통약을 준비하면 좋다. 학교마다 상비약이 구비돼 있지만 약을 받는 과정이 번거로울 수 있기 때문이다.  반입 금지 물품도 확인해야 한다. 스마트기기(스마트워치 등)|, 디지털카메라|, 전자사전|, MP3 플레이어 등 모든 전자기기는 시험장에 가지고 들어갈 수 없다. 다만 휴대전화같이 부득이하게 시험장에 가져올 수밖에 없는 물품은 1교시 시작 전에 감독관에게 제출해야 한다. 이를 위반한 경우 부정행위자로 처리돼 시험이 물거품이 될 수 있으니 각별한 주의가 요구된다.,
3,20211114,고교패션콘테스트 참석한 조희연 교육감,(서울=뉴스1) = 조희연 서울시교육감이 14일 오후 서울 강동구 강동아트센터 대극장에서 개최된 '제6회 고교패션콘테스트’에 참 …,뉴스1,,https://news.naver.com/main/read.naver?mode=LS2D&mid=shm&sid1=102&sid2=250&oid=421&aid=0005723087,https://imgnews.pstatic.net/image/origin/421/2021/11/14/5723087.jpg,(서울=뉴스1) = 조희연 서울시교육감이 14일 오후 서울 강동구 강동아트센터 대극장에서 개최된 '제6회 고교패션콘테스트’에 참석해 인사말하고 있다. (서울시교육청 제공)2021.11.14/뉴스1,
4,20211114,'청소년 심리안정지원'에 온 마을이 나서다,삼척시청·삼척교육지원청·동해무릉건강숲 청소년 산림치유 ▲ 대접 받기 충분해 삼척삼일고 1학년 학생들이 동해무릉건강숲 잔디광장에  …,오마이뉴스,,https://news.naver.com/main/read.naver?mode=LS2D&mid=shm&sid1=102&sid2=250&oid=047&aid=0002332686,https://imgnews.pstatic.net/image/origin/047/2021/11/14/2332686.jpg,삼척시청·삼척교육지원청·동해무릉건강숲 청소년 산림치유        ▲ 대접 받기 충분해 삼척삼일고 1학년 학생들이 동해무릉건강숲 잔디광장에 앉아 꽃차와 시낭송을 즐기고 있다.            ⓒ 임희경   지난 10월 29일과 11월1일 양일간|, 삼척 삼일고등학교 1·2학년 6개 학급을 대상으로 심리안정지원 '청소년 산림치유 프로그램'이 진행되었다. 이번 프로그램은 삼척시청과 삼척교육지원청|, 동해무릉건강숲|, 삼일고등학교의 협업으로 진행되었다는 데 의미가 있다. 이번 행사를 추진한 삼일고 진로 담당 김경분 교사는 말한다."코로나19 이후 학생들의 진로탐색활동이 거의 취소되었던 반면 학생들의 스트레스나 감정관리는 열악했던 거 같아요. 교사들도 학생들과의 교감 형성 기회가 부족했던 즈음이었는데|, 춘천에서 시범 사업을 진행했던 '청소년 산림치유' 프로그램을 알게 되었어요. 정말 우리 아이들에게 필요한 프로그램이라 생각해서 추진했는데|, 삼척시청과 삼척교육지원청의 발빠른 승인으로 행사를 무사히 마칠 수 있어 감사해요.여러 가지 진로 및 체험 프로그램을 진행해 보았는데 대부분 만들기에 집중이 되었거든요. 아이들의 심리안정을 위한 명상이나 자연속에서의 활동들이 이색적이었고 심리안정지원이라는 취지에 걸맞았다고 생각해요. 보건의료 진로교육이 동반된 점도 특이하고 좋았어요."김 교사는 삼척이 다른 지자체에 비해 교육경비를 아낌없이 지원하는 것에 감사한 마음을 표하면서도 한편으로 작은 바람을 보탰다."저희 삼척은 교육경비 투자에 아낌없는 지원을 한다고 생각해요. 다만|, 지원 범위를 조금 확장해 준다면 학생들을 위한 더 다양하고 좋은 프로그램을 기획하고 진행할 수 있을 텐데... 라는 바람이 있어요."(웃음) 삼척시청의 지역 교육에 아낌없는 관심과 삼척교육지원청의 공정한 예산 배정|, 그리고 동해건강무릉숲의 지자체 참여 진행에 대한 시설 사용 할인 등의 삼박자가 이루어낸 이번 프로그램이 앞으로도 좋은 교육지원사업의 모델이 되면 좋겠다고 삼척시청 관계자는 언급했다. 청소년 또래문화에서의 관계문제|, 학업스트레스 등 심리지원을 위한 창구로 현재는 학교 상담실이 거의 유일하기에|, 학생들이 자연에서 심신을 이완하고 생활의 활력을 되찾는 '청소년 산림치유'가 상설 진행되면 좋겠다고 2학년 한 담임교사는 말한다. 기본 체조와 싱잉볼 소리에 집중하며 숲명상과 자연물을 활용한 게임|, 맨발걷기 등의 프로그램에 참여하는 내내 '깔깔깔~'. 동해 무릉건강숲에 청소년들의 웃음소리가 오랜만에 공간을 가득 메웠다. 동해무른겅강숲에 마련된 자연밥상은 최상의 자연 재료로 조리하고 학생들의 입맛까지 사로잡아 학생들의 엄지척 평가를 받았다. 2학년 심민주 학생은 "안대를 끼고 조용히 숲에서 멍때리는 시간을 가져서 잘~ 쉬었다는 느낌을 받았어요"라고 소감을 밝혔다. 2학년 김승후 학생은 "숲에서 맨발로 걷는 것도 처음이었고 약간 어색했지만 금방 편안해 졌어요. 숲이랑 같이 있다는 편안함이 들었고|, 눈을 감고 조용히 있으니까 숲의 냄새도 잘 맡을 수 있었어요"라며 숲과 하나된 느낌이었다고 너스레를 떨어 학우들의 웃음을 자아냈다.              ▲ 숲길을 맨발로 걸어보아요 삼척삼일고 1학년 학생들이 동해무릉건강숲을 맨발로 걸으며 숲의 냄새를 맡아보고 있다.            ⓒ 임희경                ▲ 산신령~게임 삼척삼일고 2학년 학생들이 동해무릉건강숲 잔디광장에서 지팡이로 스프레칭 후 산신령 게임에 열중하고 있다.            ⓒ 임희경   학생들과의 야외활동에 함께 참여한 1·2학년 담임교사들은 학생들이 귀가 버스에 오르며 "선생님|, 감사해요. 선생님|, 최고였어요~|, 선생님 오늘 기분 짱이에요~" 소회를 말하는 아이들의 모습을 보며 교사들을 위한 프로그램도 마련되면 좋겠다고 입을 모았다. 특히 1학년들은 등교일수가 적어 교사들과는 물론이고 학우들끼리의 시간조차 허락되지 않았던 터라 좋은 소통의 시간이 되었다며 '명상 프로그램'과 마지막 자존감 향상을 위한 '꽃 차 프로그램'이 인상적이었고 적절했다는 평가도 빠뜨리지 않았다. '한 아이를 키우는데 온마을이 필요하다.' 아프리카 속담이라는 이 말은 이미 유명하다. 그러나 실천 방법과 사례들이 더 공유되고 실현되어야 한다. 이웃을 비롯한 지역사회 또한 아이들의 교육에 관심과 애정을 가져야 한다는 점에서 이번 삼일고등학교의 행사가 갖는 의미는 작지 않다. 도시화와 산업화가 진행되면서 이웃의 개념도 변했다. 한 동네에 사는 사람들끼리 얼굴을 마주할 시간조차 부족하고 대가족이 한 집에 모여 함께 살던 전통적인 가족의 형태 또한 점차 사라지면서 아이들은 혼자 남겨진다. 삼척 삼일고등학교의 이번 행사가 1회성에 그치지 않고|, 다양한 주체가|, 다양한 교육내용과 관점을 가지고 아이들이 안전하게 보호 받으며 다양성을 포용하는 성인으로 자라도록 지원하는 협업의 선도적 모델이 되기를 바란다.,
5,20211114,한국|, 온실가스 40% 감축 목표 그대로... "의욕적 목표" 긍정 평가 받았지만,13일(현지시간) 폐막한 제26차 유엔기후변화협약 당사국총회(COP26)에서 세계 각국이 내년 온실가스 감축 목표를 다시 점검하 …,한국일보,이윤주 기자,https://news.naver.com/main/read.naver?mode=LS2D&mid=shm&sid1=102&sid2=250&oid=469&aid=0000641089,https://imgnews.pstatic.net/image/origin/469/2021/11/14/641089.jpg,13일(현지시간) 폐막한 제26차 유엔기후변화협약 당사국총회(COP26)에서 세계 각국이 내년 온실가스 감축 목표를 다시 점검하기로 했다. 우리 정부는 이미 2030년 국가 온실가스 감축목표(NDC)를 2018년 대비 28%에서 40%로 대폭 끌어올린 만큼 이 계획을 착실히 실행한다는 방침이다. 탄소중립 목표 해인 2050년까지 석탄발전을 폐지한다는 기존 원칙도 변함이 없다고 강조했다. 정부 "감축 목표치 다시 안 낸다"이날 COP26 폐막과 함께 채택된 ‘글래스고 기후 조약’에는 지구 온도 상승 폭을 1.5도(℃) 이내로 제한한다는 내용이 담겼다. 2015년 파리협정의 목표가 유지된 것이다. 지구 온도가 이미 산업화 전과 비교해 1.1도 오른 가운데|, 각국은 “기다릴 여유가 없다”며 5년마다 점검하는 NDC를 1.5도 제한 기준에 맞춰 내년에 다시 내기로 했다.다만 우리 정부는 지난달 40%로 상향 발표한 2030 NDC를 이미 이번 총회 때 제출했으니 추가 논의 없이 계획대로 실행하겠다는 입장이다. 14일 환경부 관계자는 "알록 샤르마 COP26 의장이 사석에서 한정애 환경부 장관에게 ‘한국이 의욕적인 목표를 정했다’고 말할 만큼 평가가 긍정적이었다”고 전했다. 하지만 일부 전문가들과 환경단체는 우리나라의 2030 NDC가 지구 기온 상승 폭을 1.5도로 억제하는 데 기여하기에는 여전히 부족하다고 지적하고 있다. 각국이 현재까지 제출한 목표대로라면 지구 온도 상승 폭은 2.4도에 달할 거라는 분석도 나왔다. 그러나 산업계에선 현재 목표도 현실적인 한계를 고려하지 않은 과도한 수치라며 맞서고 있어 논란은 계속될 전망이다. 2030년 메탄 30% 감축|, 2050년 석탄발전 퇴출 이번 COP26에선 2030년 메탄 배출량을 2020년 대비 30％ 감축하는 ‘국제 메탄서약'이 체결됐다. 100여 개국이 참여했는데|, 한국 역시 동참했다. 환경부 관계자는 "NDC 상향 계획을 제출하면서 이미 우리의 목표치를 밝혔다"고 말했다. 2018년 우리나라 메탄 배출량은 약 2|,800만 톤이다. 정부의 NDC 상향안에는 이를 △저메탄 사료 보급 △비의도적 배출(탈루) 관리 기술 개발 △메탄가스 회수 등을 통해 2030년 1|,970만 톤(29.7% 감축)으로 줄이겠다는 계획이 담겨 있다. 게티이미지뱅크COP26 기간 정부는 ‘석탄에서 청정 전원으로의 전환(탈석탄) 선언’에도 서명했다. 40여 개국이 참여한 이 선언에는 “주요 경제국은 2030년대에 석탄화력 발전에서 벗어나 파리협정에 부합하는 전환을 달성하기 위해 10년 내 기술과 정책을 신속하게 확장하기 위한 조치를 약속한다”고 명시돼 있다. 때문에 정부가 국내 석탄발전 중단 시점을 기존 2050년에서 10여 년 더 당기는 것 아니냐는 해석이 나왔다. COP26에서 우리 정부가 참여한 '탈석탈 선언'의 일부. 산업통상자원부 제공그러나 정부는 우리나라 탈석탄 목표 시기는 2050년이라고 못 박았다. 산업통상자원부 관계자는 "선언문엔 이행 내용과 시기에 대해 '2030년대 또는 그 이후 가능한 한 빨리'라는 유보 조항도 포함됐다"며 "2030년대 석탄화력 폐지를 약속한 게 아니다"라고 설명했다. 정부의 NDC 상향안에는 2018년 기준 41.9%인 국내 석탄발전 비중을 2030년 21.9%로 줄이고|, 2050년 0%를 달성하겠다고 나와 있다.국제탄소시장 운영 1~2년 뒤로정부는 COP26의 최대 성과로 국제탄소시장 지침 타결을 꼽았다. 국가 간 탄소배출권 거래에 적용되는 이 지침은 파리협정 당시 큰 방향만 채택됐을 뿐 세부 이행규칙이 미완으로 남아 있었다. 정부의 2030 NDC 상향안에서 온실가스 해외 감축분이 4.6%에 달하는 만큼 명확한 세부 규칙이 필요하다. 각국은 우선 탄소배출 감축분을 거래 국가 양쪽이 이중으로 실적에 사용하는 걸 금지하는 원칙에 합의했다. 사전에 허가되지 않은 감축분도 실적에 포함하지 않기로 했다. 각국은 파리협정 당사국회의(CMA)가 총괄하는 감독기구를 만들어 이 같은 내용을 포함한 국제탄소시장 규칙을 마련하기로 했다. 다만 관리감독 체계 확립 등의 후속작업이 필요해 국제탄소시장이 온전히 운영되기까지는 1~2년이 더 걸릴 전망이다.,제26차 유엔기후변화협약 당사국총회(COP26) 의장 알록 샤르마가 13일(현지시간) 영국 글래스고에서 총회 폐막 기자회견을 하고 있다. 글래스고 AP=연합뉴스
6,20211114,중학생 1명당 1대씩 준다고?…대면수업 후 애물단지 된 태블릿PC,원격수업 때 유용하게 쓰였지만 등교 재개되며 교실 골칫거리로 공교육 디지털 콘텐츠 부실해 집중 못해 대놓고 게임 등 딴짓 태블릿 …,매일경제,고보현 기자,https://news.naver.com/main/read.naver?mode=LS2D&mid=shm&sid1=102&sid2=250&oid=009&aid=0004878823,https://imgnews.pstatic.net/image/origin/009/2021/11/14/4878823.jpg,원격수업 때 유용하게 쓰였지만등교 재개되며 교실 골칫거리로공교육 디지털 콘텐츠 부실해집중 못해 대놓고 게임 등 딴짓태블릿PC 없으면 박탈감 느껴 # 최근 경기 성남시 소재 한 고등학교에서 윤리 과목을 가르치던 교사 A씨(48)는 수업 중 태블릿PC로 인터넷 강의를 듣고 있는 학생을 혼내다 말문이 막혔다. 수업 시간에 태블릿PC를 사용하지 말라고 하니 학생이 "학교 선생님보다 인강(인터넷 강의) 선생님이 훨씬 더 잘 가르친다"고 대꾸한 것이다. A씨는 "어쩌다 교사 꼴이 이렇게 됐나 한숨이 나오고 안타까웠다"며 "학생들이 학교에서 전자기기 사용하는 것을 직접 제재할 수 없어 뾰족한 수도 없다"고 털어놨다.# 경기 용인시에 위치한 한 고등학교에서는 물리 수업이 시작되자 학생들이 책상 서랍에서 태블릿PC를 꺼냈다. 수업 자료를 켜놓고 필기하는 학생도 있었지만 아예 다른 것을 보는 아이들도 있었다. 코로나19 기간 원격 수업에 사용되던 태블릿PC를 '위드 코로나(단계적 일상 회복)' 이후 학생들이 교실로 들고 오면서 새로운 갈등을 빚고 있다. 교사들은 학생의 기기 사용을 통제하지 못해 애먹고|, 학생들 사이에서는 태블릿PC 보유 여부가 상대적 박탈감을 초래한다는 목소리가 나온다.최근 교사들 고민은 대면 수업을 듣지 않고 태블릿PC로 자체 학습을 하는 고교생들이 늘고 있다는 점이다. 경기도 내 고등학교 교사 B씨(46)는 "태블릿PC로 수업 자료를 보는 학생들이 있어 기기 사용을 금지시킬 수도 없다"며 "이 점을 악용해 학습 외 목적으로 쓰는 학생이 많아졌다"고 말했다. 수업에 집중이 안 된다는 이유로 대놓고 기기를 켜놓고 다른 강의를 듣거나 필기하는 척하면서 게임을 하는 학생들도 자주 발견된다.태블릿PC를 학교 수업에 적극 사용하고자 해도 교육용 스마트기기 맞춤형 콘텐츠가 거의 없다는 점이 문제다. 교과서 출판사가 디지털 교과서를 에듀넷을 통해 무료로 제공하고 있지만 콘텐츠 완성도가 떨어져 활용도가 매우 낮다. 맘카페 등 인터넷 커뮤니티에는 "직관적으로 돼 있지 않아 뷰어로 보기까지 과정이 불편하다" "인쇄나 PDF 형식 저장 방법을 몰라 스크린샷으로 프린트해 보고 있다"는 등 불만 글이 다수 올라오고 있다. 실제로 강득구 더불어민주당 의원실이 지난 10월 5~11일 전국의 학생|, 학부모|, 교원 등을 대상으로 '에듀테크 기반 공교육 실태조사'를 실시한 결과 '디지털 교과서를 전혀 이용한 적이 없다'는 응답이 학생 54%|, 교사 39%에 달했다. 전반적인 디지털 콘텐츠에 대한 만족도에서 학생 26%|, 학부모 42%|, 교사 22%가 '불만족한다'고 응답했다.내년부터 초등 3·4학년 수학·사회·과학 교과서가 검정체제로 전환되며 다양한 에듀테크 기업이 교과서 사업에 뛰어들고 있지만 여전히 서책형 교과서에 갇혀 있다는 평도 나온다. 에듀테크 업체 관계자는 "현장에서는 디지털보다 서책을 많이 사용하는 게 현실이기 때문에 베테랑 교과서 개발 담당자를 많이 영입해야 했다"고 말했다.태블릿PC를 보유한 학생과 가정 형편상 이를 구매할 수 없는 학생 간 위화감도 조성되고 있다. 여성가족부가 지난해 7~10월 초·중·고등학생 1만4536명을 대상으로 실시한 '청소년 매체 이용 및 유해 환경 실태조사'에 따르면 '태블릿PC를 사용하고 있다'고 답한 청소년은 지난해 43.1%를 기록했다. 이는 2018년 수치였던 31% 대비 크게 늘어난 수준이다. 그러나 늘어난 소지 비율만큼 태블릿PC를 갖지 못하는 학생들이 느끼는 박탈감도 감지되고 있다. 한 고등학교에서는 전교회장이 이러한 사유를 들어 '교내 아이패드 사용을 자제시켜 달라'는 요청을 한 것으로 알려졌다. 한편 내년부터는 중학교 신입생 전원을 대상으로 1인 1스마트기기가 보급될 예정이다. 서울시교육청은 관내 모든 중학교 1학년과 중학교 교직원 등 8만8097명에게 스마트기기를 보급하겠다고 밝혔다.,
7,20211114,‘中·日 역사 왜곡’ 심해지는데 정부 대응은 갈수록 미온적,문재인 대통령이 지난달 30일 이탈리아 로마에서 열린 G20 공식 환영식에서 기념촬영을 하기에 앞서 왕이 중국 외교부장 인사를  …,이데일리,김의진 기자,https://news.naver.com/main/read.naver?mode=LS2D&mid=shm&sid1=102&sid2=250&oid=018&aid=0005085806,https://imgnews.pstatic.net/image/origin/018/2021/11/14/5085806.jpg,동북아역사재단 사업비 ‘中 역사왜곡 대응’ 5년새 28% 삭감‘동북공정’ 영토 분쟁 김치·한복 논란 도 넘은 中 역사 왜곡주변국 역사 왜곡에 적극 대처해야 할 정부는 모르쇠 일관문재인 대통령이 지난달 30일 이탈리아 로마에서 열린 G20 공식 환영식에서 기념촬영을 하기에 앞서 왕이 중국 외교부장 인사를 하고 있다. (사진=뉴시스)[이데일리 김의진 기자] 문재인 정부 출범 후 중국의 역사왜곡에 대응한 예산이 매년 삭감되고 있다. 동북공정 프로젝트로 고구려·발해 영토 분쟁을 일으켰던 중국이 최근 김치·한복의 기원까지 자국이라고 주장하는 등 노골적으로 역사왜곡에 나서고 있지만 우리 정부의 대응은 미온적이란 지적이 제기된다. 학계는 주변국 역사왜곡에 대해선 국내 정치권력에 관계없이 일관적 태도로 대응해야 한다고 강조한다. 14일 교육계에 따르면 동북아역사재단 사업비 등 중국의 역사왜곡에 대응할 예산이 문재인정부 들어 매년 삭감되고 있는 것으로 나타났다.  교육부 산하 동북아역사재단 사업비는 2017년 91억9000만원에서 문재인 정부가 처음 예산을 편성한 2018년 77억1000만원으로 줄었으며 이후 매년 감소|, 2022년 예산안의 경우 66억4000만원으로 내려앉았다. 박근혜정부가 마지막으로 편성한 2017년 예산(91억9000만원)과 비교하면 문재인정부 5년만에 25억5000만원(27.7%) 줄어든 셈이다.   동북아역사재단은 고구려·발해를 자국 역사로 편입하기 위한 중국의 연구 프로젝트 ‘동북공정’에 대응하기 위해 정부가 2004년 설립한 고구려연구재단이 전신이다. 수도권 소재 한 사립대 교수는 “중국이 자국 중심의 역사관을 만들어내기 위한 왜곡은 이미 도를 넘었다”며 “이런 상황에서 관련 연구비를 오히려 줄이는 것은 동북아역사재단의 설립 취지에도 어긋나는 심각한 문제”라고 꼬집었다.실제 그동안 중국의 역사왜곡에 대한 정부의 태도는 극히 미온적이었다. 지난해 11월 중국 관영매체인 환구시보는 자국의 절임채소인 ‘파오차이(泡菜)’가 김치의 표준이라고 주장했다. 이어 중국 유튜버·네티즌은 한복의 기원이 명나라 한(漢)족이 입었던 ‘한푸(漢服)’라는 주장을 퍼뜨리고 있다. 중국 정부는 이러한 자국 상황을 사실상 방관하고 있지만 우리 정부는 모르쇠로 일관하고 있다. 특히 문화체육관광부는 김치가 우리 고유의 전통 음식이라는 점을 반박하기는커녕 ‘공공용어 외국어 번역·표기 지침’ 훈령에서 김치를 ‘파오차이’로 표기한 것이 알려져 국민적 공분을 사기도 했다.   김승욱 충북대 역사교육과 교수는 “모든 문화적 기원을 자국에서 찾으려는 잘못된 민족주의가 중국에서 자라고 있는데 이를 철저히 경계해야 한다”며 “자기 민족·역사에 대한 자부심을 갖는 것은 자연스러운 현상이지만|, 이런 자부심이 정치·경제적 목적과 결탁되면 왜곡이 발생한다”고 지적했다. 반면 일본 역사왜곡에 대응하는 사업비는 대폭 늘어나고 있다. 2022년 예산안에 따르면  ‘일본의 역사 왜곡 대응 연구’ 사업비는 19억1000만원으로 2017년(14억2200만원)과 비교하면 4억8800만원(34.3%) 증가했다. 김승욱 교수는 “국내 정치권력의 변화에 따라 역사왜곡 관련 정책이 달라지는 것은 문제가 있다”라며 “주변국 역사 왜곡에 학술적으로 대응할 수 있도록 정권에 관계없이 관련 자료를 수집·축적하는 과정이 필요하다”라고 강조했다.,
8,20211114,수능 사흘 앞으로 "복습에 집중할 때…산책으로 긴장 풀어요",2022학년도 대학수학능력시험(수능)이 3일 앞으로 다가왔다. 입시 전문가들은 “남은 기간 균형 잡힌 생활습관을 유지하면서 마무 …,한국경제,최만수 기자,https://news.naver.com/main/read.naver?mode=LS2D&mid=shm&sid1=102&sid2=250&oid=015&aid=0004628116,https://imgnews.pstatic.net/image/origin/015/2021/11/14/4628116.jpg,수험생 막바지 시험준비 요령은2022학년도 대학수학능력시험(수능)이 3일 앞으로 다가왔다. 입시 전문가들은 “남은 기간 균형 잡힌 생활습관을 유지하면서 마무리에 힘써야 한다”고 조언했다. 수능이 치러지는 오는 18일은 평년보다 기온이 높아 ‘수능 한파’는 없을 것으로 전망된다.수험생들은 18일 전국 1394개 시험장에서 2022학년도 수능을 치른다. 이번 수능은 코로나19 발생 이후 두 번째로 치러지는 시험이다. 작년과 마찬가지로 자가격리자뿐 아니라 확진 학생도 응시할 수 있다.자가격리 수험생들이 응시하는 별도시험장은 112곳|, 확진 수험생이 시험을 치르는 병원과 생활치료센터는 총 31곳이 확보됐다. 교육부는 확진·자가격리 수험생 추이를 점검하면서 추가로 병상과 시험장을 마련할 계획이다. 수능 전 검사 결과 보건소로부터 확진이나 자가격리 통보를 받은 수험생은 즉시 보건소를 통해 관할 교육청에 통보해야 한다. 이를 통해 수능 응시에 필요한 지원을 받을 수 있다.유은혜 부총리 겸 교육부 장관은 15일 별도 시험장인 서울 서대문구 한성과학고를 방문해 준비상황을 점검할 예정이다. 유 부총리는 “수능 이후의 대입 전형까지 꼼꼼하게 살피고 챙겨 일상 회복에 한 걸음 더 다가갈 수 있도록 하겠다”고 말했다.시험장에서는 작년과 마찬가지로 코로나19 감염 확산 방지를 위해 반드시 마스크를 착용해야 한다. 수능 당일에는 오전 6시30분부터 시험장에 들어갈 수 있다. 오전 8시10분까지 입실을 마쳐야 한다. 입실 전에는 체온 측정과 증상 확인 등이 이뤄지므로 입실 시간보다 여유 있게 시험장에 도착하는 것이 좋다.“남은 기간에는 새로운 내용을 공부하기보다 복습에 집중하고|, 영역별 시험 시간대로 실전처럼 문제를 풀어보는 것이 도움이 된다”는 게 전문가들의 조언이다. 김병진 이투스 교육평가연구소장은 “수능 당일에는 긴장감과 불안감으로 인해 평소보다 시험 시간이 짧게 느껴질 수 있기 때문에 문제를 순서대로 풀기보다는 쉬운 문제부터 빠르게 풀어나가 고난도 문항을 위한 충분한 시간을 확보해야 한다”고 말했다.충분한 수면과 균형 잡힌 생활 습관을 유지하는 것도 중요하다. 외출을 자제하고 건강 관리에 신경 써야 한다. 대성학원 관계자는 “수능 전날에는 정해진 스케줄에 따라 학습하면서 불안감은 달래고 적절한 스트레칭이나 산책 등을 통해 심장과 뇌의 기능을 활성화하는 것이 좋다”고 설명했다.올해는 수능 한파를 걱정하지 않아도 될 것으로 보인다. 기상청은 “13일 오후부터 기온이 오르기 시작해 14일 이후엔 기온이 평년보다 높겠다”고 밝혔다. 수능일이 포함된 11월 15~21일 평균기온 평년값은 6.3도다. 최신 중기예보에 따르면 18일 서울은 최저기온과 최고기온이 각각 5도와 13도일 것으로 예상된다.,14일 서울 종로구 조계사에 수험생을 응원하기 위한 게시판에 한 시민이 응원 메시지를 높게 매달고 있다.   김병언 기자
9,20211114,서울 특성화고 21곳|, 친환경·AI 학과 개편,서울 지역 21개 특성화고가 친환경·인공지능(AI) 등 신산업 분야 중심으로 학과를 개편한다. 서울교육청은 학과 재구조화 사업에 …,한국경제,김남영 기자,https://news.naver.com/main/read.naver?mode=LS2D&mid=shm&sid1=102&sid2=250&oid=015&aid=0004628115,,		서울 지역 21개 특성화고가 친환경·인공지능(AI) 등 신산업 분야 중심으로 학과를 개편한다.서울교육청은 학과 재구조화 사업에 참여할 21개 학교 27개 학과를 선정했다고 14일 발표했다.특성화고 학과 재구조화는 2016년부터 교육부와 교육청이 함께 진행하는 사업으로 지역 여건과 산업 수요에 맞춰 미래 유망 분야 학과를 중심으로 추진되고 있다.서울교육청은 스마트펫경영과|, 친환경자동차과|, 반려동물케어과|, 바이오코스메틱과|, AI전자과 등 신산업 분야 중심으로 학과를 선정했다고 설명했다.교육청은 개편 대상 학과의 전문 교육과정 운영에 필요한 시설|, 기자재 확보와 학생 교육 활동|, 학습자료 개발 등을 위해 1개 학과(2학급)에 5억원의 예산을 지원한다. 교육과정 편성·운영에 대한 컨설팅과 연수를 통해 개편 학과의 신입생 모집 준비도 지원하기로 했다.또 AI 분야 특화 학과로 개편 운영하는 특성화고의 경우 AI 고등학교로 선정해 학교당 3억원의 예산을 지원한다. 지난해 4개교에 이어 올해도 4개교를 선정했다.,
10,20211114,[포토] 수능 D-4,2022 대학수학능력시험이 나흘 앞으로 다가온 14일 오전 서울 종로구 조계사에 수험생들을 위한 응원메시지를 남기는 게시판이 설 …,매일경제,이충우 기자,https://news.naver.com/main/read.naver?mode=LS2D&mid=shm&sid1=102&sid2=250&oid=009&aid=0004878751,https://imgnews.pstatic.net/image/origin/009/2021/11/14/4878751.jpg,   2022 대학수학능력시험이 나흘 앞으로 다가온 14일 오전 서울 종로구 조계사에 수험생들을 위한 응원메시지를 남기는 게시판이 설치돼있다.,
11,20211114,김무환 포스텍 총장|, 美위스콘신대 공대 '자랑스러운 동문상' 수상,김무환 포스텍 총장(63)이 미국 위스콘신대 공대가 수여하는 '자랑스러운 동문상'을 수상했다. 위스콘신대 공대는 지난 12일(현 …,매일경제,송경은 기자,https://news.naver.com/main/read.naver?mode=LS2D&mid=shm&sid1=102&sid2=250&oid=009&aid=0004878749,https://imgnews.pstatic.net/image/origin/009/2021/11/14/4878749.jpg, 김무환 포스텍 총장(63)이 미국 위스콘신대 공대가 수여하는 '자랑스러운 동문상'을 수상했다. 위스콘신대 공대는 지난 12일(현지시간) 35년간 학계와 교육계 발전에 기여한 공로로 김무환 총장을 2021년 자랑스러운 동문상 수상자로 선정했다고 밝혔다. 원자력안전기술 분야 전문가인 김 총장은 서울대 원자핵공학과를 졸업하고 위스콘신대에서 원자력공학으로 박사학위를 받았다. 김 총장은 1987년 포스텍 교수로 부임한 이래 한국원자력안전기술원(KINS) 원장. 국제원자력안전기구(IAEA) 사무총장 자문기구인 국제원자력안전위원회(INSAG)의 한국 대표위원 등을 역임했고|, 포스텍 학생·입학처장과 기획처장을 거쳐 2019년 8대 총장에 선임됐다. 김 총장은 이날 시상식에서 "지도교수였던 마이클 코라디니와 맥스 카본의 훌륭한 가르침 덕분에 이 자리까지 왔다"며 "신장 이식으로 삶을 계속 즐길 수 있도록 헌신해준 아내와 젊은 날 연구실에서 많은 시간을 보냈음에도 자랑스럽게 성장해 준 두 아들과 나를 낳아주신 부모님께 감사하다"고 소감을 밝혔다. 위스콘신대 공대는 매년 기업과 학계 등 각 분야에서 긍정적인 변화를 주도하며 탁월한 업적을 쌓은 동문을 선정해 자랑스러운 동문상을 수여하고 있다.,미국 위스콘신대 공대가 수여하는 '자랑스러운 동문상'을 수상한 김무환 포스텍 총장(가운데)이 지난 12일(현지시간) 열린 시상식에서 기념 촬영을 하고 있다. [사진 제공 = 포스텍]
12,20211114,경북 순심고 윤종호 교사|, 의학계열 진학 지침서 펴내,경북 칠곡 순심고등학교 윤종호 교사가 의학계열 진로진학에 대한 내용을 담아 책을 펴내 눈길을 끈다. 윤 교사가 15일 출간한 책 …,매일신문,채정민 기자,https://news.naver.com/main/read.naver?mode=LS2D&mid=shm&sid1=102&sid2=250&oid=088&aid=0000730847,https://imgnews.pstatic.net/image/origin/088/2021/11/14/730847.jpg,전국 대학 직접 방문하면서 자료 수집해 대입 전형과 진로 활동|, 대학 소개도 담겨경북 칠곡 순심고등학교 윤종호 교사가 의학계열 진로진학에 대한 내용을 담아 책을 펴내 눈길을 끈다.윤 교사가 15일 출간한 책은 'All Of 의학계열 진로진학'. 의학계열은 대입에서 높은 경쟁률을 보이는 분야다. 그가 직접 의과대학|, 치과대학|, 한의대학이 있는 전국 대학을 방문해 실제 학생들을 평가하는 대학교수와 입학사정관들을 만나 이야기를 나누며 생각한 내용을 담았다.책 1부는 수시모집(교과|, 종합|, 논술)|, 2부는 정시모집|, 3부는 면접|, 그리고 4부는 진로와 관련된 활동과 대학 소개 자료로 구성됐다. 의학계열 진학을 희망하는 최상위권 학생뿐 아니라 고교 진로|, 진학에 관심이 있다면 참고할 만하다는 평가다.윤 교사는 현재 순심고 학력관리부장이자 수학 교사. 전국진학지도협의회 연구위원|, 대구가톨릭대 의대와 약대 대입전형공정관리대책위원으로도 활동 중이다.그는 "그냥 맡은 일에 최선을 다하는 교사다"며 "이 책에는 학교 현장에서 진로|, 진학이 직접적으로 연계된 업부들을 지속적으로 추진한 경험이 담겼다"고 했다.,경북 칠곡 순심고 윤종호 교사가 펴낸 'All Of 의학계열 진로진학'. 윤종호 교사 제공
13,20211114,경기과학고 졸업생들|, 의대 지원했다 장학금 회수 당해,[이데일리 이세현 기자] 경기과학고등학교가 의학계열 대학에 지원한 졸업생들을 대상으로 장학금 전액을 회수했다. 사진은 기사 내용 …,이데일리,이세현 기자,https://news.naver.com/main/read.naver?mode=LS2D&mid=shm&sid1=102&sid2=250&oid=018&aid=0005085762,https://imgnews.pstatic.net/image/origin/018/2021/11/14/5085762.jpg,		[이데일리 이세현 기자] 경기과학고등학교가 의학계열 대학에 지원한 졸업생들을 대상으로 장학금 전액을 회수했다.사진은 기사 내용과 관련없음. (사진=이미지투데이)14일 경기도교육청에 따르면 경기과학고는 지난 2월 졸업생 126명 가운데 합격 여부와 관계없이 의학계열 대학에 입학원서를 제출했던 23명에게 장학금 총 1억 2600만원을 되돌려 받았다.이들 23명 중 13명은 의과대학에 진학했고 10명은 불합격한 것으로 알려졌다.경기과학고는 재학생에게 연구활동|, 국제교류협력활동|, 진로체험활동 등 수업료를 제외한 약 550만원의 지원비를 3년간 지원한다.하지만 최근 수학 과학 등 이공계열 인재양성이라는 과학고 설립 취지와 달리 의대로 진학하는 학생이 증가하자 경기과학고는 이같이 조처했다. 경기과학고 졸업생의 의학 계열 대학진학률을 보면 2018학년도 6.7%|, 2019학년도 8.7%|, 2020학년도 10.3%로 매년 늘고 있었다.실제로 경기과학고 졸업생이 방송에 출연해 의대 진학을 자랑스럽게 말해 비판을 받기도 했다. 지난 1월 tvN 예능프로그램 ‘유 퀴즈 온 더 블럭’에 출연했던 한 졸업생은 대학 입시 때 수시로 서울대|, 연세대|, 고려대|, 성균관대|, 한양대|, 경희대 등 총 6곳의 의대를 합격했다며 꿀팁을 전수했다.방송 직후 과학 인재 육성을 목표로 하는 과학고의 설립 취지와 맞지 않는다며 이와 관련한 청와대 국민청원이 게재되는 등 누리꾼들의 질타가 한동안 이어졌다.학교는 해당 사례를 방지하기 위해 2018학년도 신입생 선발 때부터 의대 지원 학생에 대해 장학금 회수 및 대입 추천서 제외 등 불이익을 주기로 모집 요강에 명시한 바 있다.서울과학고와 광주과학고 역시 경기과학고와 마찬가지로 의학계열 대학 진학 학생들의 장학금을 회수하고 있다.이와 함께 오는 2022학년도 신입생 모집부터는 아예 전국 8개 모든 영재학교에 이같은 제재가 공통으로 적용될 예정이다. 아울러 진로 진학 지도 미실시 및 대입 추천서 제외|, 학점 표기 없이 석차만 기록된 학교생활기록부Ⅱ 제공|, 의학계열 대학 지원 확인 시 정규수업 외 기숙사·독서실 이용 제한 등의 조치도 이뤄진다.경기도교육청 관계자는 “과학 기술 인재를 양성한다는 설립 취지에 맞게 학교가 운영되도록 의학 계열 대학 진학을 희망하는 학생들은 영재학교 입학 지원을 지양해달라”고 밝혔다.,
14,20211114,대구사이버대-대구예아람학교|, 업무 협약 체결,[ 헤럴드경제 ( 경산 )= 김병진 기자 ] 대구사이버대와 대구예아람학교 ( 교장 하미애 ) 는 지난 8 일 업무 협약을 체결했 …,헤럴드경제,김병진 기자,https://news.naver.com/main/read.naver?mode=LS2D&mid=shm&sid1=102&sid2=250&oid=016&aid=0001912346,https://imgnews.pstatic.net/image/origin/016/2021/11/14/1912346.jpg,[헤럴드경제(경산)=김병진 기자]대구사이버대와 대구예아람학교(교장 하미애)는 지난 8일 업무 협약을 체결했다. 이번 협약에 따라 양 기관의 공동연구 및 학술 세미나 등의 공동 개최 △예술 문화 확산을 위한 행사 공동기획 및 운영 등에 나선다.또 대구사이버대 홍보팀은 대구예아람학교에서 개최한 '위드 심포니 오케스트라' 연주 영상 및 홍보 영상을 제작|, 유튜브 채널 확산 등에 지원을 약속했다.이근용 대구사이버대 총장은 "지속적인 교류와 협력을 추진|, 이를 통해 양 기관의 상호 발전을 꾀하기를 기대한다"고 말했다.kbj7653@heraldcorp.com(본 기사는 헤럴드경제로부터 제공받은 기사입니다.),[대구사이버대 제공]
15,20211114,[취업걱정없는명품학교]〈301〉나주공업고등학교,나주공업고등학교는 광주전남 혁신도시가 위치한 나주에 50여년 역사를 가진 기계·전기분야 특성화고등학교다. 중소도시 학령인구 감소 …,전자신문,김명희 기자,https://news.naver.com/main/read.naver?mode=LS2D&mid=shm&sid1=102&sid2=250&oid=030&aid=0002981834,https://imgnews.pstatic.net/image/origin/030/2021/11/14/2981834.jpg,나주공업고등학교는 광주전남 혁신도시가 위치한 나주에 50여년 역사를 가진 기계·전기분야 특성화고등학교다. 중소도시 학령인구 감소에도 불구하고 미달 없이 우수한 신입생을 모집해 훌륭한 인재로 양성하고 있다.1972년 12월 20일 독일 호만 애암 장학재단과 정부가 기술인 양성을 목표로 나주|, 인천|, 부산에 설립한 한독 기술학교가 전신이다. 1988년 나주공업고등학교로 교명을 변경해 지금까지 1만2586명의 졸업생을 배출했다. 현재 기계과 6학급|, 전기과 6학급|, 디지털금형과 6학급으로 총 18학급에 385명(여학생 29명)이 재학하고 있다. 내년에는 디지털금형과를 스마트팩토리과로 개편해 미래형 융합인재 양성에 나설 계획이다.나주공고는 공기업|, 대기업 취업을 목표로 하는 '취업역량 강화반'|, 전국기능경기대회·세계기능올림픽 출전을 목표로 하는 '전공심화동아리'|, 중소벤처기업부 공모사업인 '중소기업특성화고 인력양성사업'|, 기업별 맞춤형 교육을 통한 전문인력 양성이 목적인 '산학일체형 도제학교'|, 머물고 싶은 즐거운 학교 만들기를 위한 '특성화고 혁신지원 사업' 등 다양한 사업과 교육과정을 운영하고 있다.학생 단체 사진취업역량강화반은 공무원|, 대기업|, 공공기관 취업을 목표로 학년별 20여명을 선발해 취업마인드 및 직업기초능력 제고|, 한국전력 및 발전소 취업 특화 프로그램 운영|, 공기업 취업 특화 프로그램 등을 운영·지원했다. 올해 공무원 2명|, LH|, 한국농어촌공사|, 한국남동발전|, 한국철도공사|, 한전KDN·KPS|, 삼성전자|, 현대중공업 등에 합격하는 성과를 냈다.중소기업특성화고 인력양성 사업은 5개 과정 54명의 학생과 22개 기업이 참여한 △취업맞춤반 △중소기업 이해연수 △1팀1기업프로젝트 등을 운영 중이다. 특성화고 혁신지원사업은 학생 진로 지원과 자존감 증진을 통한 취업마인드를 높이고 실력 향상을 위해 드림하이(고졸 취업 지원강화)|, 상생누리(지역사회 연계)|, 누리보듬(학업 중단 예방)|, 뮤직클럽|, 라온제나(학교 홍보 동아리) 등 프로그램을 갖췄다.맞춤형 인재 양성으로 나주혁신산단 한국전력 협력기업|, 광주평동|, 하남산단 등 자동차 및 가전 관련 협력기업에 꾸준히 학생들을 취업시켜 지역사회에서 위상도 높아지고 있다. 진학을 희망하는 학생이 늘면서 취업률은 2018년 60%|, 2019년 50%|, 2020년 54%로 감소 추세지만|, 학생이 만족하는 이른바 '좋은 취업처 수'는 증가하고 있다.전체 학생에 방과 후 이후 및 방학 중 프로그램으로 지게차 및 굴삭기운전기능사 자격 취득을 위한 교육을 실시하며 학교에 지게차운전기능사 실기 시험장을 보유하고 있다. 학생의 자존감 향상을 위해 시작한 중장비운전 기능사 취득 프로그램은 많은 시너지 효과를 내고 있다. 올해 1학년 재학생 116명 중 78명이 지게차운전기능사를 취득했고 1학년임에도 전산응용기계제도기능사|, 컴퓨터응용밀링기능사|, 기계가공조립기능사 등도 22명이 취득할 정도로 자격증 취득 열기가 높다.매년 근로자의 날과 12월에 '멘티멘토의 날' 행사로 취업에 성공한 선배도 참여하는 강연과 대화의 시간을 통해 후배의 진로 궁금증과 취업 활동 노하우 등을 전수해 주고 있다.나주공고 본관 앞에 있는 명예의 전당에는 전국기능경기대회 금메달|, 국제기능올림픽 메달 수상자를 축하하고 기억하는 25개의 깃발들이 휘날리고 있다.이외에도 전공심화 동아리반 등 운영으로 기계설계/CAD|, 냉동기술|, 배관 분야 전국기능경기대회|, 국제기능올림픽대회 참가해 2020년 전국기능경기대회 배관 분야 금메달|, 기계설계/CAD 은·동메달을 수상했다. 2021년에는 냉동기술 분야 은메달을 받았다.김향운 교장선생님김향운 교장은 “나주공고는 바른 인성을 갖춘 창의 융합적 인재 양성을 위해 부단히 노력하는 교직원과 능동적이며 열정적인 학생들의 힘이 어우러진 학교”라며 “학생들이 원하는 진로에 도달할 수 있도록 지원을 아끼지 않겠다”고 말했다.,나주공업고등학교 전경
16,20211114,[박정호의 미리 가 본 미래]2022년은 메타버스의 원년이 될 것이다,이제 어느덧 2022년을 준비해야 할 시점이 다가왔다. 많은 기업 관계자들이 내년도 신규 사업 계획안을 작성하기 위해 동분서주하 …,전자신문,,https://news.naver.com/main/read.naver?mode=LS2D&mid=shm&sid1=102&sid2=250&oid=030&aid=0002981832,https://imgnews.pstatic.net/image/origin/030/2021/11/14/2981832.jpg,이제 어느덧 2022년을 준비해야 할 시점이 다가왔다. 많은 기업 관계자들이 내년도 신규 사업 계획안을 작성하기 위해 동분서주하고 있다. 이 과정에서 단연 주목받고 있는 단어 중 하나가 바로 '메타버스'다.메타버스 의미를 직역하자면 초월 또는 그 이상을 뜻하는 메타(meta)와 세상을 뜻하는 유니버스(universe)가 합쳐진 단어가 메타버스(metaverse)로 '초월적 세상'을 의미한다. 가상·증강현실(VR·AR)과 같은 가상융합기술(XR: eXtended Reality) 활용을 강조해 '확장 가상세계'로 정의되기도 한다. 다시 말해 메타버스는 온라인 공간을 이용하는 새로운 방식을 나타내는 표현이다. 메타버스라는 표현은 메타버스는 1992년 미국 소설가 닐 스티븐슨 소설인 '스노우 크래시'에서 아바타가 활동하는 인터넷 기반 가상세계를 표현하는 말로 처음 등장했다고 한다.메타버스 개념은 이미 1990년대 초부터 등장한 개념임에도 불구하고 최근 메타버스 단어가 다시금 재조명 받고 있는 이유는 코로나19 때문이다. 코로나19로 금지된 대규모 공연·행사를 메타버스 형태로는 사업 수행이 가능하면서 많은 기업이 지금의 제약 조건을 극복할 수 있는 대안으로 메타버스에 주목한 것이다. 하지만 2022년 사업계획을 수립하기 위해서는 메타버스 개념을 이상에서 설명한 바와 같은 포괄적 수준으로만 정의 내려서는 안될 것이다. 메타버스를 어떻게 구현하느냐에 따라 전혀 다른 결과들이 도출될 수 있기 때문이다.메타버스는 테크놀로지와 이용자 간 관계를 어떻게 도출하느냐에 따라 그리고 테크놀로지와 현실 간 관계를 어떻게 보여주느냐에 따라 구분할 수 있다. 이러한 두 가지 기준으로 메타버스를 구분할 경우|, 메타버스는 크게 네 가지 범주로 나눌 수 있다. 현실 간 관계를 사적인 형태로 형성하는 방식은 아바타|, 온라인 프로필|, 직접 등장 등 방법으로 이용자 정체성과 행위성의 발현에 초점을 둔 기술이다. 이에 반해 외적인 형태로 형성하는 경우|, 이용자를 둘러싸고 있는 바깥 세계에 대한 정보와 통제력을 제공하는 기술이다.테크놀로지를 이용해 표현하는 방식은 증강과 시뮬레이션으로 구분할 수 있다. 먼저 증강은 이용자가 인식하는 물리적 환경 위로 새로운 제어·정보 시스템 레이어를 쌓아 올리는 기술을 의미한다. 이에 반해 시뮬레이션은 이용자 및 객체 간 상호작용을 위한 장소로서 현실을 모방한 가상의 세계를 제공하는 기술을 의미한다.이상에서 설명한 바와 같이 메타버스를 이용자 간 관계와 테크놀로지 두 가지 관점으로 구분할 경우|, 총 네 가지 형태의 메타버스 영역이 도출된다. 먼저 현실 간 관계를 사적인 형태로 구현하면서 가상 공간은 증강현실로 구현하는 방식은 라이프로깅에 해당한다. 이러한 라이프로깅은 사물과 사람에 대한 일상적 경험과 정보를 기반으로 형성된 메타버스 세계를 의미한다. 이에 반해 사적인 영역에서 가상현실 기술을 활용한 영역은 가상세계를 의미한다. 이러한 가상세계는 디지털 데이터로 구축한 세상으로 마인크래프트|, 로블록스|, 제페토 등이 여기에 한다.이용자 간 관계는 외적이며 기술적 표현 방식은 증강으로 분류될 경우|, 증강현실을 의미한다. 이러한 증강현실은 현실공간에 가상의 2D 또는 3D 물체가 겹쳐져 상호작용하는 환경을 의미한다. 관련된 대표 기업으로는 포켓몬고를 꼽을 수 있다.마지막으로 외적인 관계를 시뮬레이션 형태로 구현한는 방식은 거울세계라 부른다. 거울 세계는 실제 세계를 그대로 투영한 정보가 확장된 가상세계를 의미한다. 대표적인 사례로는 구글 어스|, 네이버|, 카카오 지도|, 에어비앤비 등이 해당한다.이처럼 메타버스도 기술을 구현하는 방식과 그 속에 관계를 구현하는 방식에 따라 전혀 다른 내용으로 구분된다. 아직도 메타버스라는 용어만 관심을 두고 있다면 보다 구체적 분류체계가 있음을 기억해야 할 것이다.박정호 명지대 특임교수박정호 명지대 특임교수 aijen@mju.ac.kr,메타버스 분류 체계
17,20211114,[동정] 한국국제경영학회장에 김주권 건국대 교수,▲ 김주권 건국대 경영대학 교수가 한국국제경영학회 차기 회장으로 선출됐다. 임기는 2023년 1월 1일부터 1년이다. (서울=연 …,연합뉴스,조다운 기자,https://news.naver.com/main/read.naver?mode=LS2D&mid=shm&sid1=102&sid2=250&oid=001&aid=0012791465,,		▲ 김주권 건국대 경영대학 교수가 한국국제경영학회 차기 회장으로 선출됐다. 임기는 2023년 1월 1일부터 1년이다. (서울=연합뉴스),
18,20211114,경기과학고|, 의대 지원 졸업생에 줬던 장학금 전액 회수,[데일리안 = 임유정 기자] 경기 수원지역 내 이공계열 인재 양성을 위해 설립된 영재학교인 경기과학고가 의학계열 대학에 지원한  …,데일리안,임유정 기자,https://news.naver.com/main/read.naver?mode=LS2D&mid=shm&sid1=102&sid2=250&oid=119&aid=0002547865,https://imgnews.pstatic.net/image/origin/119/2021/11/14/2547865.jpg,[데일리안 = 임유정 기자] 경기 수원지역 내 이공계열 인재 양성을 위해 설립된 영재학교인 경기과학고가 의학계열 대학에 지원한 졸업생들에게 지급했던 장학금 전액을 반환하도록 했다.14일 연합뉴스에 따르면 경기과학고는 '과학기술 인재 양성'이라는 학교 설립 취지에 반한다는 이유를 들어 의학계열 대학에 지원한 졸업생들에게 장학금 전액반환 조치를 단행했다. 올해 2월 졸업생 중 23명(장학금 총액 1억2600여만원)이 첫 회수 대상이 됐다.경기과학고 재학생에게 지급되는 장학금은 수업료를 제외한 ▲연구활동 ▲국제교류협력활동 ▲진로체험활동 지원비로 1인당 3년간 약 550만원이다.같은 영재학교인 서울과학고와 광주과학고도 이 학교와 같이 의학계열 대학 진학 학생들의 장학금을 회수하고 있다.2022학년도 신입생 모집부터는 이 같은 제재가 전국 8개 모든 영재학교에 공통으로 적용된다.또 모든 영재학교는 ▲진로 진학 지도 미실시 및 대입 추천서 제외 ▲학점 표기 없이 석차만 기록된 학교생활기록부Ⅱ 제공 ▲의학계열 대학 지원 확인 시 정규수업 외 기숙사·독서실 이용 제한 등의 조치도 한다.,서울 서초구 서울성모병원에서 의료진이 이동하고 있다.(자료사진)ⓒ뉴시스
19,20211114,대구보건대 교수학습지원센터|, 신산업 전공 설계 특강 개최,[헤럴드경제(대구)=김병진 기자]대구보건대 교수학습지원센터는 지난 11일 본관 3층 대회의실에서 학생 40여명이 참석한 가운데  …,헤럴드경제,김병진 기자,https://news.naver.com/main/read.naver?mode=LS2D&mid=shm&sid1=102&sid2=250&oid=016&aid=0001912341,https://imgnews.pstatic.net/image/origin/016/2021/11/14/1912341.jpg,[헤럴드경제(대구)=김병진 기자]대구보건대 교수학습지원센터는 지난 11일 본관 3층 대회의실에서 학생 40여명이 참석한 가운데 특강을 개최했다.이날 특강은 신산업분야 특화 선도대학 지원사업의 일환으로 마련됐으며 '의료기기 업계의 꽃 RA(의료기기 규제과학 : Regulatory Affairs)를 아시나요?'라는 주제로 열렸다.강의를 맡은 한국의료기기안전정보원 문지상 교육기획팀장은 국내 의료기기 시장 현황|, 의료기기 RA 교육 및 자격증 등 의료기기 규제과학 전문가의 역할과 중요성에 대해 이야기 했다. 이어 4차 산업혁명시대 헬스케어 산업패러다임의 변화와 의료기기 산업의 동향을 설명|, 신산업 특화 교육과정을 통한 다양한 취업과 진로를 이야기 해 참가자들의 집중도를 높였다. 행사를 주관한 최선영 교수학습지원센터장(임상병리과 교수)은 "맞춤형 진단검사 전문가 양성을 위한 교육과정 개발과 교육생태계 구축으로 신산업 분야 국가 경쟁력 강화에 기여하겠다"고 말했다. kbj7653@heraldcorp.com(본 기사는 헤럴드경제로부터 제공받은 기사입니다.),[대구보건대 제공]
20,20211114,"의대 지원했어? 그럼 장학금 회수"…경기과학고|, 23명에 준 1억2천만원 돌려받았다,"과학기술 인재양성이란 학교 설립 취지와 맞지 않아" 경기과학고가 의학계열 대학에 지원한 졸업생들에게 재학 중 지급한 장학금 전 …,매일경제,방영덕 기자,https://news.naver.com/main/read.naver?mode=LS2D&mid=shm&sid1=102&sid2=250&oid=009&aid=0004878743,https://imgnews.pstatic.net/image/origin/009/2021/11/14/4878743.jpg,"과학기술 인재양성이란 학교 설립 취지와 맞지 않아" 경기과학고가 의학계열 대학에 지원한 졸업생들에게 재학 중 지급한 장학금 전액을 회수 조치했다. 과학기술 인재양성이라는 학교 설립 취지에 맞지 않는다는 판단에서다. 14일 경기도교육청에 따르면 경기도 내 유일한 영재학교인 경기과학고는 올해 2월 졸업생 중 23명에 대해 재학 중 지급한 장학금 총 1억2600만원을 되돌려 받았다. 대상은 의대 합격 여부와 관계없이 의학계열 대학에 입학원서를 낸 것으로 확인된 23명이다.이들 중 13명은 실제로 의대에 합격하고|, 10명은 불합격한 것으로 알려졌다.경기과학고는 재학생에게 수업료를 제외한 연구활동|, 국제교류협력활동|, 진로체험활동 지원비로 1인당 3년간 장학금 약 550만원을 지급한다.경기과학고는 수학 과학 등 이공계열 인재양성이라는 설립 취지와 달리 의대로 진학하는 학생이 늘자 2018학년도 신입생 선발 때부터 의대 지원 학생에 대해 장학금 회수 및 대입 추천서 제외 등 불이익을 주기로 모집 요강에 명시했다.그럼에도 불구하고 2018학년도에 입학해 올해 2월 졸업한 학생 126명 중 의학계열 대학에 입학원서를 낸 것으로 확인된 23명에 대해 장학금 회수 조치를 한 것.서울과학고와 광주과학고 역시 경기과학고와 마찬가지로 의학계열 대학 진학 학생들의 장학금을 회수하고 있다.2022학년도 신입생 모집부터는 아예 전국 8개 모든 영재학교에 이같은 제재가 공통으로 적용된다.경기도교육청 관계자는 "과학 기술 인재를 양성한다는 설립 취지에 맞게 학교가 운영되도록 의학 계열 대학 진학을 희망하는 학생들은 영재학교 입학 지원을 지양해달라"고 말했다.,위 사진은 기사 내용과 무관함 [사진출처 : 연합뉴스]
21,20211114,바닷가에 붙은 수능 응원 플래카드,(강릉=연합뉴스) 유형재 기자 = 대학수학능력시험을 나흘 앞둔 14일 강원 강릉시 연곡해변에 연곡면과 지역 단체가 수능 응원 현 …,연합뉴스,유형재 기자,https://news.naver.com/main/read.naver?mode=LS2D&mid=shm&sid1=102&sid2=250&oid=001&aid=0012791372,https://imgnews.pstatic.net/image/origin/001/2021/11/14/12791372.jpg,    (강릉=연합뉴스) 유형재 기자 = 대학수학능력시험을 나흘 앞둔 14일 강원 강릉시 연곡해변에 연곡면과 지역 단체가 수능 응원 현수막을 내걸어 눈길을 끌고 있다. 2021.11.14    yoo21@yna.co.kr,
22,20211114,바닷가에 붙은 수능 응원 플래카드,(강릉=연합뉴스) 유형재 기자 = 대학수학능력시험을 나흘 앞둔 14일 강원 강릉시 연곡해변에 연곡면과 지역 단체가 수능 응원 현 …,연합뉴스,유형재 기자,https://news.naver.com/main/read.naver?mode=LS2D&mid=shm&sid1=102&sid2=250&oid=001&aid=0012791371,https://imgnews.pstatic.net/image/origin/001/2021/11/14/12791371.jpg,    (강릉=연합뉴스) 유형재 기자 = 대학수학능력시험을 나흘 앞둔 14일 강원 강릉시 연곡해변에 연곡면과 지역 단체가 수능 응원 현수막을 내걸어 눈길을 끌고 있다. 2021.11.14    yoo21@yna.co.kr,
23,20211114,바닷가에 붙은 수능 응원 플래카드,(강릉=연합뉴스) 유형재 기자 = 대학수학능력시험을 나흘 앞둔 14일 강원 강릉시 연곡해변에 연곡면과 지역 단체가 수능 응원 현 …,연합뉴스,유형재 기자,https://news.naver.com/main/read.naver?mode=LS2D&mid=shm&sid1=102&sid2=250&oid=001&aid=0012791370,https://imgnews.pstatic.net/image/origin/001/2021/11/14/12791370.jpg,    (강릉=연합뉴스) 유형재 기자 = 대학수학능력시험을 나흘 앞둔 14일 강원 강릉시 연곡해변에 연곡면과 지역 단체가 수능 응원 현수막을 내걸어 눈길을 끌고 있다. 2021.11.14    yoo21@yna.co.kr,
24,20211114,바닷가에 붙은 수능 응원 플래카드,(강릉=연합뉴스) 유형재 기자 = 대학수학능력시험을 나흘 앞둔 14일 강원 강릉시 연곡해변에 연곡면과 지역 단체가 수능 응원 현 …,연합뉴스,유형재 기자,https://news.naver.com/main/read.naver?mode=LS2D&mid=shm&sid1=102&sid2=250&oid=001&aid=0012791369,https://imgnews.pstatic.net/image/origin/001/2021/11/14/12791369.jpg,    (강릉=연합뉴스) 유형재 기자 = 대학수학능력시험을 나흘 앞둔 14일 강원 강릉시 연곡해변에 연곡면과 지역 단체가 수능 응원 현수막을 내걸어 눈길을 끌고 있다. 2021.11.14    yoo21@yna.co.kr,
25,20211114,영진사이버대-현대제철㈜ 당진제철소 교육협력 협약 체결,영진사이버대학교(총장 조방제)는 12일 현대제철 당진제철소에서 현대제철㈜(대표이사 안동일) 당진제철소 및 전국금속노조 충남지부  …,매일신문,이연정 기자,https://news.naver.com/main/read.naver?mode=LS2D&mid=shm&sid1=102&sid2=250&oid=088&aid=0000730814,https://imgnews.pstatic.net/image/origin/088/2021/11/14/730814.jpg,영진사이버대|, 190명 규모 현대제철 주문식반 개설영진사이버대학교(총장 조방제)는 12일 현대제철 당진제철소에서 현대제철㈜(대표이사 안동일) 당진제철소 및 전국금속노조 충남지부 현대제철지회(지회장 김종복)와 상호 교육협력 협약을 체결했다.이번 협약은 현대제철 당진제철소|, 금속노조 충남지부 현대제철지회와 영진사이버대가 주문식교육 추진에 대한 협의를 통해 소속 조합원들의 평생 교육을 지원하는 데 뜻을 모아 이뤄진 결과다.이번 협약을 통해 영진사이버대는 컴퓨터정보통신학과|, 메카트로닉스학과|, 산업경영학과에 모두 190명 규모의 현대제철 주문식반을 개설|, 운영한다. 또한 조합원 입학 시 장학금 혜택 등 다양한 지원으로 자기계발의 기회를 제공하기로 했다.현대제철 당진제철소는 열연|, 냉연|, 후판|, 철근|, 특수강 제조를 비롯해 현대차 그룹의 미래 비전인 수소의 생산설비까지 구축한 현대제철의 핵심공장이다.김종복 현대제철지회 지회장은 "힘겨운 24시간 교대 근무 속에서 용광로와 같은 뜨거운 학업의 열정을 가진 조합원들을 위해 교육 지원의 기회를 제공해준 대학에 감사를 드린다"고 말했다.조방제 영진사이버대 총장은 "앞으로 양 기관이 지속적인 교류와 협력을 통해 전문성 향상과 자기계발|, 학위 취득이라는 결과물을 가지길 희망한다"고 말했다.,김종복(왼쪽) 전국금속노조 충남지부 현대제철지회장과 조방제 영진사이버대 총장이 협약서를 들어보이고 있다. 영진사이버대 제공
26,20211114,의대 지원한 경기과학고 졸업생 장학금 전액 회수…1인당 약 550만원,[경기과학고|, 의학계열 대학에 지원해 합격한 13명과 불합격한 10명 등 총 23명한테서 1.2억원 회수조치] 의학계열 대학에  …,머니투데이,이창명 기자,https://news.naver.com/main/read.naver?mode=LS2D&mid=shm&sid1=102&sid2=250&oid=008&aid=0004670163,https://imgnews.pstatic.net/image/origin/008/2021/11/14/4670163.jpg,		[경기과학고|, 의학계열 대학에 지원해 합격한 13명과 불합격한 10명 등 총 23명한테서 1.2억원 회수조치]의학계열 대학에 지원한 경기과학고 졸업생들의 장학금이 전액 회수됐다.14일 뉴스1에 따르면 경기과학고는 2020학년도 졸업생 126명 중 의학계열 지원자 23명한테서 재학기간 3년 치에 대한 장학금을 모두 회수했다.  이들은 경기과학고를 졸업하고 의학계열에 지원했고 이중 13명은 합격했으며 10명은 불합격했다. 김경근 경기도의회 교육기획위원회 의원(더불어민주당·경기 남양주6)이 경기도교육청으로부터 제출받은 자료를 보면 경기과학고는 이들에게 2018년 입학 때부터 졸업할 때까지 3년 동안 연구활동과 국제교류협력활동|, 진로체험활동 지원비 등 인당 약 550만원을 지원했다. 이들에게 지원한 장학금 반환금은 모두 1억2600만원에 달한다.수학과 과학 분야 인재양성을 위해 2013년 영재학교로 전환한 경기과학고는 의대에 지원한 학생에겐 불이익을 주고 있다. 이에 따라 의학계열로 대학을 지원한 학생들에게 지원됐던 장학금 지원액을 회수하고 대입 추천서도 작성해주지 않는다.그럼에도 불구하고 경기과학고를 졸업한 학생들이 의학계열로 진학하는 사례는 2017년 5.6%에서 2018년 6.7%|, 2019년 8.7%|, 지난해 10.3%로 증가하는 추세를 보이고 있다.,/사진=뉴스1
27,20211114,카톡 계정 빼앗기|, 딥페이크…신종 학폭정보 알리는 '스쿨벨' 오픈,카카오톡 오픈채팅방을 통해 알게 된 A는 "옷을 입지 않은 사진과 동영상을 보내주면 기프티콘을 보내주겠다"고 했다. 하지만 사진 …,중앙일보,문현경 기자,https://news.naver.com/main/read.naver?mode=LS2D&mid=shm&sid1=102&sid2=250&oid=025&aid=0003150574,https://imgnews.pstatic.net/image/origin/025/2021/11/14/3150574.jpg,        카카오톡 오픈채팅방을 통해 알게 된 A는 "옷을 입지 않은 사진과 동영상을 보내주면 기프티콘을 보내주겠다"고 했다. 하지만 사진과 동영상을 보내고 나자 A는 돌변했다. '사진과 동영상을 학교에 유포하겠다'며 카카오톡 외에도 인스타그램을 통해 메시지를 보냈다.     "카카오톡 계정 한 번 빌려줘 봐." 소셜 네트워크 서비스(SNS)를 통해 알게 된 B는 '빌려달라'면서 욕설 메시지를 보내왔다. 겁이 나 아이디와 비밀번호를 알려줬다. 하지만 빌린다는 말은 거짓이었다. B는 비밀번호를 변경해 계정을 빼앗아갔고|, "또 다른 계정도 달라"며 강요하기 시작했다.     최근 SNS 계정 빼앗기나 딥페이크와 같이 학교폭력 경로와 방법이 다양해지고 있는 가운데 신종 학교폭력 사례를 널리 알리기 위한 '스쿨벨' 시스템이 문을 연다.      14일 서울시교육청과 서울시경찰청은 '스쿨벨 시스템'을 15일부터 운영한다고 밝혔다. 교육청과 경찰에서 수집된 학교폭력 사례 중 새로운 유형이나 학생·학부모가 꼭 알아야 하는 사례를 선정해 카카오톡 채널과 같은 SNS 등을 통해 학생|, 학부모|, 교사에게 전달한다. SNS 외에도 학교 홈페이지나 가정통신문|, e학습터·온라인클래스 등도 창구로 활용한다.      신종 학교폭력을 안내하는 '스쿨벨 시스템' 포스터. 서울교육청·서울경찰청 제공       공유하는 내용은 학교폭력 신고센터(117센터)에 신고된 사건|, 학교폭력대책심의위원회 사례|, 학교전담경찰관(SPO) 활동 중 인지된 사건 중 모두가 알아둬야 하는 사례를 고른다. 두 달에 한 번씩 사례를 선정하되 시급한 건 상시 공유한다.      서울시교육청은 "얼굴 합성 딥페이크·온라인 그루밍 등 새로운 유형의 학교폭력 피해 사례가 빠르게 증가하는 데 이런 사례를 알지 못해 추가 피해가 발생하는 일이 있었다"며 "신종 학교폭력을 신속하게 안내해 학교폭력을 선제적으로 예방할 것"이라고 밝혔다.,서울 종로구 서울경찰청 깃발. 뉴스1
28,20211114,교육청|, 특성화고 신산업분야 학과개편에 5억원씩 지원,[경향신문] 서울시교육청이 4차 산업·신산업분야 인재양성을 위해 특성화고 학과 개편·재구조화를 추진하고 학과당 5억원씩 지원한다 …,경향신문,,https://news.naver.com/main/read.naver?mode=LS2D&mid=shm&sid1=102&sid2=250&oid=032&aid=0003110008,https://imgnews.pstatic.net/image/origin/032/2021/11/14/3110008.jpg,		[경향신문] 서울시교육청이 4차 산업·신산업분야 인재양성을 위해 특성화고 학과 개편·재구조화를 추진하고 학과당 5억원씩 지원한다. 교육청은 21개교 27개 학과가 재구조화 사업에 선정됐다고 14일 밝혔다. 교육청은 2016년부터 교육부와 함께 특성화고 학과 재구조화를 진행하고 있다. 지역 여건과 산업수요에 맞춘 인재를 양성한다는 취지다. 올해 선정된 학과를 보면 기존 자동차학과는 친환경자동차과나 미래자동차과로|, 국제통상과는 스마트펫경영과로 이름과 커리큘럼이 개편된다. 또 세무행정과는 스마트행정과|, 컴퓨터전자과는 인공지능컴퓨팅과로 바뀐다. 교육청은 이들 학과의 실습환경 개선을 위한 시설·기자재 확보와 학생의 교육활동|, 학습자료 개발 등을 위해 학과당 5억원의 예산을 지원한다. 교육과정 운영에 대한 연수를 통해 해당 학과의 신입생 모집 준비도 지원한다. 또 인공지능 분야로 학과를 개편한 특성화고는 인공지능(AI) 고등학교로 선정해 학교당 3억원씩을 지원한다. 지난해에 4개교가 선정됐고 올해도 광운전자공업고|, 세명컴퓨터고|, 한세사이버보안고|, 송파공업고 등 4개교가 선정됐다. 특성화고가 매년 학과개편에 나서는 배경 중 하나는 신입생 충원율이 떨어지고 있기 때문이다. 서울 전체 특성화고 신입생 충원율은 2016년 99.4%에 달했지만 2018년 87.1%로 떨어졌고 올해는 83.9%까지 떨어졌다. 신입생 모집 정원을 채우지 못한 학교도 2016년 10개에 불과했지만 올해는 70개 학교 중 49곳이 정원을 채우지 못했다. 학령인구 감소와 더불어 최근에는 코로나19 사태로 인해 특성화고의 취업률이 떨어진 것이 영향을 미친 것으로 보인다.조희연 서울시교육감은 “특성화고는 우리의 미래”라며 “이미 도래한 4차 산업혁명 시대에 부응하는 특성화고 교육시스템을 마련해 직업교육을 활성화하고|, 역량과 전문성을 갖춘 신산업분야 기술인재를 양성할 수 있도록 지원하겠다”고 말했다.,대구 남구에 있는 한 특성화고등학교 건물 외벽에 취업에 성공한 학생들을 축하하는 플래카드가 걸려 있다. 연합뉴스
29,20211114,경기과학고 "의대 지원땐 장학금 회수"…23명 1.2억 토해냈다,경기도 내 유일한 영재학교인 경기과학고가 의학계열 대학에 지원한 졸업생들에게 재학 중 지급한 장학금 전액을 회수했다. 14일 김 …,중앙일보,한영혜 기자,https://news.naver.com/main/read.naver?mode=LS2D&mid=shm&sid1=102&sid2=250&oid=025&aid=0003150572,https://imgnews.pstatic.net/image/origin/025/2021/11/14/3150572.jpg,             경기도 내 유일한 영재학교인 경기과학고가 의학계열 대학에 지원한 졸업생들에게 재학 중 지급한 장학금 전액을 회수했다.      14일 김경근 경기도의회 교육기획위원회 의원(더불어민주당·경기 남양주6)이 경기도교육청으로부터 제출받은 ‘경기과학고 의학계열 대학진학 현황’ 자료에 따르면 2020학년도 졸업생 126명 중 의학계열 지원자 23명이 재학기간 3년치에 대한 장학금 총액 1억2600여만원을 모두 회수 당했다.      영재학교진흥법에 따라 2013년 과학영재학교로 전환된 경기과학고는 수학·과학 등 이공계열 인재 양성이라는 설립 취지와 달리 의대로 진학하는 학생이 늘자 2018학년도 신입생 선발 때부터 의대 지원 학생에 대해 ▶장학금 회수 ▶대입 추천서 제외 등 불이익을 주기로 모집 요강에 명시했다.      이에 따라 2018학년도에 입학해 올 2월 졸업한 학생 126명 중 합격 여부와 관계없이 의학계열 대학에 입학원서를 낸 것으로 확인된 23명의 장학금을 모두 되돌려받았다.      의학계열 대학 지원자 23명 중 13명은 합격하고|, 10명은 불합격한 것으로 알려졌다.      경기과학고 재학생에게 지급되는 장학금은 수업료를 제외한 ▶연구활동 ▶국제교류협력활동 ▶진로체험활동 지원비로|, 1인당 3년간 약 550만원이다.      지난 2011년 과학영재학교로 전환된 경기과학고에서 졸업한 학생 가운데 꾸준히 의학계열로 진학하는 학생수가 증가하고 있는 것으로 조사됐다. 경기과학고 졸업생의 의학 계열 대학진학률을 보면 2018학년도 6.7%|, 2019학년도 8.7%|, 2020학년도 10.3%로 매년 늘고 있다.      같은 영재학교인 서울과학고와 광주과학고도 의학계열 대학 진학 학생들의 장학금을 회수하고 있다. 2022학년도 신입생 모집부터는 이 같은 제재가 전국 8개 모든 영재학교에 공통으로 적용된다.      또 모든 영재학교는 ▶진로 진학 지도 미실시 및 대입 추천서 제외 ▶학점 표기 없이 석차만 기록된 학교생활기록부Ⅱ 제공 ▶의학계열 대학 지원 확인 시 정규수업 외 기숙사·독서실 이용 제한 등의 조치도 한다.      경기도교육청 융합교육정책과 관계자는 “과학기술 인재를 양성한다는 설립 취지에 맞게 학교가 운영될 수 있도록 의학 계열로 진학을 희망하는 학생은 영재학교 입학 지원을 지양해달라”고 당부했다.      김 의원은 “과학영재고는 대학진학을 위한 도구로 전락할 수 있으며 이학계열과 이공계열에 진학하는 학생들 간에도 위화감이 형성될 수 있다”며 “도교육청에서는 과학영재학교 설립취지에 맞게 교육과정을 운영하여 기초과학 인재 양성에 힘써달라”고 말했다.,경기도교육청 남부청사. [사진 경기도교육청]
30,20211114,대구가톨릭대|, 윤동한 서울여해재단 이사장 석좌교수 임명,대구가톨릭대가 지난 12일 윤동한 (사)서울여해재단 이사장을 경영학과 석좌교수로 임명했다. 대구가톨릭대는 윤동한 이사장의 기업  …,매일신문,이연정 기자,https://news.naver.com/main/read.naver?mode=LS2D&mid=shm&sid1=102&sid2=250&oid=088&aid=0000730806,https://imgnews.pstatic.net/image/origin/088/2021/11/14/730806.jpg,대구가톨릭대가 지난 12일 윤동한 (사)서울여해재단 이사장을 경영학과 석좌교수로 임명했다.대구가톨릭대는 윤동한 이사장의 기업 경영의 깊은 경륜|, 역사 연구에 대한 열정과 훌륭한 업적을 존중하여 경영학과 석좌교수로 초빙했다고 밝혔다.윤 이사장은 지난 1990년 한국콜마를 설립해 30년간 경영하였으며|, 지난 2017년 서울여해재단을 창립하고 이순신 장군의 정신과 업적을 연구하는 데 매진하고 있다.대구가톨릭대는 지난 9월 서울여해재단과 업무협약을 체결하고|, 일반대학원에 이순신학과 석사 및 박사 과정|, 석박사통합과정을 신설해 운영 중이다.윤동한 석좌교수는 2022학년도에 '역사와 경영'을 주제로 교양교과목을 개설해 재학생 대상의 시리즈 강좌를 진행할 계획이다. 또 일반대학원 이순신학과|, 안중근연구소|, 역사·박물관 운영에 대한 자문을 맡는다.윤 석좌교수는 "평소 젊은이의 꿈이 무엇인지에 대한 관심이 많았고|, 역사와 경영에 대해서 젊은이들에게 이야기하고 싶었다"며 "대구가톨릭대 학생들이 꿈을 가지는 데 기여할 수 있으면 좋겠다"고 말했다.윤 석좌교수는 수원대에서 경영학 박사 학위를 받았으며|, 서울대 최고지도자 인문학과정(AFP)|, 서울대 세계경제최고전략과정(ASP)을 이수했다.2018년 한국의 경영자상(한국능률협회)을 수상하고 국민훈장 동백장(보건복지부)을 수훈했으며 현재 안중근의사숭모회 부이사장과 한국경영자총협회 부회장 등으로 활동하고 있다. 저서로 '80세 현역 정걸 장군' '기업가 문익점' 등이 있다.우동기 대구가톨릭대 총장은 축사를 통해 "저명한 기업인이자 학자이신 분을 우리 대학의 석좌교수로 모시게 돼 영광스럽다. 기업 경영과 학문을 병행하기가 어려운데도 윤 석좌교수님은 두 분야에서 훌륭한 성과를 이루셔서 존경하며|, 우리 대학에 많은 지원을 해주셔서 감사하다"고 말했다.,윤동한 (사)서울여해재단 이사장(앞줄 오른쪽 다섯번 째)이 우동기 대구가톨릭대 총장(앞줄 왼쪽 다섯번 째)|, 보직 교수들과 함께 기념촬영을 하고 있다. 대구가톨릭대 제공
31,20211114,18일 수능→22일 전면등교…'학교 방역' 긴장감 고조,기사내용 요약 수험생 66명 확진|, 돌파감염 사례도…"접종 권고" 정부 "소아·청소년 감염 위험 커져…상황 달라져" 수도권 일부 …,뉴시스,이연희 기자,https://news.naver.com/main/read.naver?mode=LS2D&mid=shm&sid1=102&sid2=250&oid=003&aid=0010830946,https://imgnews.pstatic.net/image/origin/003/2021/11/14/10830946.jpg,기사내용 요약수험생 66명 확진|, 돌파감염 사례도…"접종 권고"정부 "소아·청소년 감염 위험 커져…상황 달라져"수도권 일부 전면등교 불발…"4일 등교·1일 원격"[서울·세종=뉴시스]이연희 김경록 기자 = 오는 18일 대학수학능력시험(수능)이 끝나고 22일부터 수도권 학교의 전면등교를 앞두고 학교 현장이 긴장하고 있다.단계적 일상회복(위드 코로나)이 시작된 이후 교내 집단감염 사례가 늘어나자 방역 당국은 12~17세 소아·청소년에 대한 접종을 강력히 권고하고 수도권 일부 과대·과밀 학교는 부분등교를 실시하기로 결정했다. 14일 교육계에 따르면 교육부는 지난 12일 교원단체와의 비공개 간담회에서 소아·청소년 예방접종 독려계획에 대한 의견을 청취한 것으로 파악됐다.10대 확진자 수는 지난달 세 번째 주에 1996명이 발생했으나 10월 네 번째 주 2867명|, 11월 첫주 3376명으로 증가했다. 18세 이하 확진자 비율도 같은 기간 21.3~23.9%로 나타났다. 11월 들어 하루 평균 학생 확진자 수는 334.1명에 이른다.정부와 방역 당국은 당초 12~17세 소아·청소년의 경우 접종을 강요하는 분위기가 조성되지 않도록 학생·학부모 자율에 맡긴다는 입장이었으나|, 학생 확진자가 꾸준히 늘어나자 강력 권고하는 방향으로 선회했다.지난달 18일부터 12~17세 예방접종이 단계적으로 시작됐지만 성인의 접종률에 미치지 못한다. 지난 12일 0시 기준 12~15세 1차 접종자는 20만7321명(11.1%)다. 16~17세는 59만2875명(65.3%)이 1차 접종을 마쳤다.이기일 중앙재난안전대책본부 제1통제관은 지난 12일 "소아·청소년의 자율적 선택도 존중하지만 감염 위험성이 증가하고 있고|, 접종의 사회적 편익이 크기 때문에 접종을 받을 것을 권고한다"며 "지금까지는 자율적 선택이라는 게 더 부각이 된 것 같은데 상황이 바뀌었다. 상당히 많은 수의 확진자가 나오기 때문에 빨리 접종하는 게 좋다"고 강조했다.[서울=뉴시스] 김명원 기자 = 유은혜 사회부총리 겸 교육부 장관이 지난 10일 서울 종로구 정부서울청사에서 열린 '안전한 수능|, 수도권 전면등교 준비를 위한 방역점검회의'를 주재하며 발언을 있다. (공동취재사진) 2021.11.14. photo@newsis.com방역 당국은 접종을 원하는 소아·청소년은 사전예약 없이 위탁의료기관에 문의해 화이자 백신을 당일 접종할 수 있도록 조치했다.오는 18일은 51만명 규모의 수능이|, 이어서 주말인 20~21일에는 논술·면접 등 대학별 고사가 예정돼있는 만큼 방역 긴장도도 더 높아지고 있다.수능 2주 전인 지난 4일부터 코로나19에 확진돼 병상 시험장에 입소한 수험생은 최소 66명|, 자가격리 대상자는 12명이다. 울산에서는 최근 예방접종을 완료한 고3 수험생의 돌파감염 사례가 발생해 전교생이 코로나19 검사를 받기도 했다.수능을 일주일 앞둔 지난 11일부터 모든 고교는 원격수업으로 전환한 상태다. 수험생들은 하루 전날인 17일에는 오후 10시까지 전국 보건소에서 코로나19 유전자증폭(PCR) 검사를 받을 수 있고|, 진단결과에 따라 시험장을 배정받게 된다.[울산=뉴시스] 배병수 기자 = 울산 남구 한 고등학교 학생이 코로나19 확진판정을 받은 지난 11일 오전 해당 고등학교 임시 선별검사소에서 학생들이 코로나19 검사를 받고 있다.  2021.11.14. bbs@newsis.com22일부터는 수도권도 전면등교를 실시한다. 학원도 이날부터 오후 10시 이후에도 운영이 가능해진다.서울 등 수도권 일부 학교는 이미 전면등교를 포기하고 부분등교를 결정했거나 설문조사 등을 통해 등교 방식을 논의 중인 것으로 나타났다. 서울시교육청은 앞서 22일부터 전면등교가 원칙이지만|, 전교생 1000명 이상의 과대학교나 학급당 학생수가 평균 30명 이상인 과밀학교는 3분의 2 선까지 부분등교를 할 수 있도록 허용한 바 있다.일부 학교는 구성원 설문조사 결과 찬성 여론이 많아 전면등교를 하기로 했지만 반대 의견이 상당한 경우 부분등교를 택한 것으로 나타났다.서울 동작구 소재 한 초등학교는 주 4일 등교하고 하루 원격수업으로 전환하는 방안을 검토 중이다. 강동구의 다른 초등학교도 교원·학부모 설문조사 등을 거쳐 주4일 등교를 결정했다. 양천구의 한 중학교는 설문조사 결과 3분의2 등교를 유지하기로 했다.부분등교를 하기로 한 동작구 초등학교 A 교장은 "우리 학교는 과밀이자 과대학교라 설문조사를 실시했고|, 전면등교에 대한 찬반 의견이 반반으로 나와 전면등교가 어렵다고 결론 내렸다"고 밝혔다.인천의 한 학교는 전면등교 전 전교생이 이동형 PCR 선제검사를 실시하는 등 방역 우려를 줄이기 위한 조치에 나서기도 했다. 전면등교 직후 당분간은 등교를 하지 않고 가정학습을 고려하는 학생 및 학부모도 있었다.교육부는 각 교육청에 22일 전면등교 이후에는 최대 57일간 학교에 가지 않아도 출석으로 인정받을 수 있는 교외체험학습 중 가정학습 일수도 축소할 수 있도록 했다. 그러나 아직 가정학습 일수를 줄이겠다고 밝힌 시·도교육청은 없는 것으로 나타났다.교육부 관계자는 "22일부터는 전면등교가 원칙이지만 지역의 위험도 판단에 따라 일부 과대·과밀학교가 부분등교를 자율적으로 결정하는 상황"이라며 "가정학습 일수를 줄이는 등 구체적인 일상회복은 2022년 신학기가 돼야 구체화될 것"이라고 예측했다．,[대구=뉴시스] 이무열 기자 = 2022학년도 대학수학능력시험을 일주일 앞두고 전국 고등학교에서 코로나19 감염 방지를 위한 원격수업이 전면 실시된 지난 11일 오전 대구 중구 경북대학교 사범대 부속고등학교에서 선생님이 원격수업을 진행하고 있다. 2021.11.14. lmy@newsis.com
32,20211114,"학교 설립취지에 반해"…경기과학고|, 의대지원 졸업생 장학금 회수,(수원=뉴스1) 유재규 기자 = 경기 수원지역 내 이공계열 인재 양성을 위해 설립된 영재학교인 경기과학고가 의학계열 대학에 지원 …,뉴스1,유재규 기자,https://news.naver.com/main/read.naver?mode=LS2D&mid=shm&sid1=102&sid2=250&oid=421&aid=0005722186,https://imgnews.pstatic.net/image/origin/421/2021/11/14/5722186.jpg,이공계열 인재양성 목적과 달라…23명 대상 총 1억2600만원 반환2018년 6.7%|, 2019년 8.7%|, 2020년 10.3%…의학계열 지원 늘어(수원=뉴스1) 유재규 기자 = 경기 수원지역 내 이공계열 인재 양성을 위해 설립된 영재학교인 경기과학고가 의학계열 대학에 지원한 졸업생들에게 장학금 전액반환 조치를 했다. 의대 진학이 학교 설립목적 취지에 반한다는 이유에서다.14일 김경근 경기도의회 교육기획위원회 의원(더불어민주당·경기 남양주6)이 경기도교육청으로부터 제출받은 '경기과학고 의학계열 대학진학 현황' 자료에 따르면 2020학년도 졸업생 126명 중 의학계열 지원자 23명이 재학기간 3년 치에 대한 장학금 회수 대상이 됐다. 경기과학고는 의학계열 대학으로 합격한 13명과 불합격 10명 등 총 23명에게 2018년 입학 때부터 졸업할 때까지 3년 동안 연구활동|, 국제교류협력활동|, 진로체험활동 지원비 등 1인당 약 550만원 지원한 것으로 파악됐다. 이들의 장학금 반환금을 총합하면 약 1억2600만원에 달한다. 이공계열의 수학|, 과학 등 분야의 인재양성을 위해 설립된 영재학교인 경기과학고는 입학전형요강에 따라 의예|, 치의예|, 한의예 등 적합하지 않은 분야의 계열로 지원한 학생들에 대해서는 장학금 지원액을 회수하고 교원 추천서를 작성해주지 않는다. 이같은 사례에 대해 김 의원은 지난 12일 도교육청에서 실시한 행정사무감사에서 경기과학고 설립취지와 다르게 의학계열로 대학을 진학하는 학생들의 수가 계속 늘어나고 있다는 점을 지적했다. 김 의원은 "과학영재고는 대학진학을 위한 도구로 전락할 수 있으며 이학계열과 이공계열에 진학하는 학생들 간에도 위화감이 형성될 수 있다"며 "도교육청에서는 과학영재학교 설립취지에 맞게 교육과정을 운영하여 기초과학 인재 양성에 힘써달라"고 말했다. 한편 지난 2011년 과학영재학교로 전환된 경기과학고에서 졸업한 학생 가운데 꾸준히 의학계열로 진학하는 학생수가 증가하고 있는 것으로 조사됐다. 2017년 5.6%|, 2018년 6.7%|, 2019년 8.7%|, 2020년 10.3%로 각각 집계됐다.,경기도교육청 전경. © News1
33,20211114,나흘 앞으로 다가온 수능,(서울=뉴스1) 황기선 기자 = 2022학년도 대학수학능력시험을 나흘 앞둔 14일 오전 서울 마포구 종로학원 강북본원에 '수능  …,뉴스1,황기선 기자,https://news.naver.com/main/read.naver?mode=LS2D&mid=shm&sid1=102&sid2=250&oid=421&aid=0005722179,https://imgnews.pstatic.net/image/origin/421/2021/11/14/5722179.jpg,(서울=뉴스1) 황기선 기자 = 2022학년도 대학수학능력시험을 나흘 앞둔 14일 오전 서울 마포구 종로학원 강북본원에 '수능 D-4 안내문'이 붙어있다. 2021.11.14/뉴스1,
34,20211114,2022 수능 '4일 남았습니다',(서울=뉴스1) 황기선 기자 = 2022학년도 대학수학능력시험을 나흘 앞둔 14일 오전 서울 마포구 종로학원 강북본원에 '수능  …,뉴스1,황기선 기자,https://news.naver.com/main/read.naver?mode=LS2D&mid=shm&sid1=102&sid2=250&oid=421&aid=0005722178,https://imgnews.pstatic.net/image/origin/421/2021/11/14/5722178.jpg,(서울=뉴스1) 황기선 기자 = 2022학년도 대학수학능력시험을 나흘 앞둔 14일 오전 서울 마포구 종로학원 강북본원에 '수능 D-4 안내문'이 붙어있다. 2021.11.14/뉴스1,
35,20211114,나흘 앞둔 2022 수능,(서울=뉴스1) 황기선 기자 = 2022학년도 대학수학능력시험을 나흘 앞둔 14일 오전 서울 마포구 종로학원 강북본원에 '수능  …,뉴스1,황기선 기자,https://news.naver.com/main/read.naver?mode=LS2D&mid=shm&sid1=102&sid2=250&oid=421&aid=0005722177,https://imgnews.pstatic.net/image/origin/421/2021/11/14/5722177.jpg,(서울=뉴스1) 황기선 기자 = 2022학년도 대학수학능력시험을 나흘 앞둔 14일 오전 서울 마포구 종로학원 강북본원에 '수능 D-4 안내문'이 붙어있다. 2021.11.14/뉴스1,
36,20211114,'2022 수능 나흘 앞으로',(서울=뉴스1) 황기선 기자 = 2022학년도 대학수학능력시험을 나흘 앞둔 14일 오전 서울 마포구 종로학원 강북본원에 '수능  …,뉴스1,황기선 기자,https://news.naver.com/main/read.naver?mode=LS2D&mid=shm&sid1=102&sid2=250&oid=421&aid=0005722176,https://imgnews.pstatic.net/image/origin/421/2021/11/14/5722176.jpg,(서울=뉴스1) 황기선 기자 = 2022학년도 대학수학능력시험을 나흘 앞둔 14일 오전 서울 마포구 종로학원 강북본원에 '수능 D-4 안내문'이 붙어있다. 2021.11.14/뉴스1,
37,20211114,나흘 앞둔 2022 수능,(서울=뉴스1) 황기선 기자 = 2022학년도 대학수학능력시험을 나흘 앞둔 14일 오전 서울 마포구 종로학원 강북본원에 '수능  …,뉴스1,황기선 기자,https://news.naver.com/main/read.naver?mode=LS2D&mid=shm&sid1=102&sid2=250&oid=421&aid=0005722175,https://imgnews.pstatic.net/image/origin/421/2021/11/14/5722175.jpg,(서울=뉴스1) 황기선 기자 = 2022학년도 대학수학능력시험을 나흘 앞둔 14일 오전 서울 마포구 종로학원 강북본원에 '수능 D-4 안내문'이 붙어있다. 2021.11.14/뉴스1,
38,20211114,2022 수능 'D-4',(서울=뉴스1) 황기선 기자 = 2022학년도 대학수학능력시험을 나흘 앞둔 14일 오전 서울 마포구 종로학원 강북본원에 '수능  …,뉴스1,황기선 기자,https://news.naver.com/main/read.naver?mode=LS2D&mid=shm&sid1=102&sid2=250&oid=421&aid=0005722174,https://imgnews.pstatic.net/image/origin/421/2021/11/14/5722174.jpg,(서울=뉴스1) 황기선 기자 = 2022학년도 대학수학능력시험을 나흘 앞둔 14일 오전 서울 마포구 종로학원 강북본원에 '수능 D-4 안내문'이 붙어있다. 2021.11.14/뉴스1,
39,20211114,나흘 앞으로 다가온 수능,(서울=뉴스1) 황기선 기자 = 2022학년도 대학수학능력시험을 나흘 앞둔 14일 오전 서울 마포구 종로학원 강북본원에 '수능  …,뉴스1,황기선 기자,https://news.naver.com/main/read.naver?mode=LS2D&mid=shm&sid1=102&sid2=250&oid=421&aid=0005722173,https://imgnews.pstatic.net/image/origin/421/2021/11/14/5722173.jpg,(서울=뉴스1) 황기선 기자 = 2022학년도 대학수학능력시험을 나흘 앞둔 14일 오전 서울 마포구 종로학원 강북본원에 '수능 D-4 안내문'이 붙어있다. 2021.11.14/뉴스1,
40,20211114,2022 수능|, D-4,(서울=뉴스1) 황기선 기자 = 2022학년도 대학수학능력시험을 나흘 앞둔 14일 오전 서울 마포구 종로학원 강북본원에 '수능  …,뉴스1,황기선 기자,https://news.naver.com/main/read.naver?mode=LS2D&mid=shm&sid1=102&sid2=250&oid=421&aid=0005722172,https://imgnews.pstatic.net/image/origin/421/2021/11/14/5722172.jpg,(서울=뉴스1) 황기선 기자 = 2022학년도 대학수학능력시험을 나흘 앞둔 14일 오전 서울 마포구 종로학원 강북본원에 '수능 D-4 안내문'이 붙어있다. 2021.11.14/뉴스1,
41,20211114,나흘 앞으로 다가온 2022 수능,(서울=뉴스1) 황기선 기자 = 2022학년도 대학수학능력시험을 나흘 앞둔 14일 오전 서울 마포구 종로학원 강북본원에 '수능  …,뉴스1,황기선 기자,https://news.naver.com/main/read.naver?mode=LS2D&mid=shm&sid1=102&sid2=250&oid=421&aid=0005722171,https://imgnews.pstatic.net/image/origin/421/2021/11/14/5722171.jpg,(서울=뉴스1) 황기선 기자 = 2022학년도 대학수학능력시험을 나흘 앞둔 14일 오전 서울 마포구 종로학원 강북본원에 '수능 D-4 안내문'이 붙어있다. 2021.11.14/뉴스1,
42,20211114,'수능 코앞',(서울=뉴스1) 황기선 기자 = 2022학년도 대학수학능력시험을 나흘 앞둔 14일 오전 서울 마포구 종로학원 강북본원에 '수능  …,뉴스1,황기선 기자,https://news.naver.com/main/read.naver?mode=LS2D&mid=shm&sid1=102&sid2=250&oid=421&aid=0005722170,https://imgnews.pstatic.net/image/origin/421/2021/11/14/5722170.jpg,(서울=뉴스1) 황기선 기자 = 2022학년도 대학수학능력시험을 나흘 앞둔 14일 오전 서울 마포구 종로학원 강북본원에 '수능 D-4 안내문'이 붙어있다. 2021.11.14/뉴스1,
43,20211114,울산대 LINC+ 사업단|, 초광역권 4개 대학과 손잡아,[울산=뉴시스]구미현 기자 = 울산대학교 사회맞춤형산학협력선도대학(LINC+)육성사업단이 초광역권 연계협력을 통해 공동 프로그램 …,뉴시스,구미현 기자,https://news.naver.com/main/read.naver?mode=LS2D&mid=shm&sid1=102&sid2=250&oid=003&aid=0010830842,https://imgnews.pstatic.net/image/origin/003/2021/11/14/10830842.jpg,[울산=뉴시스]구미현 기자 = 울산대학교 사회맞춤형산학협력선도대학(LINC+)육성사업단이 초광역권 연계협력을 통해 공동 프로그램을 운영하고 공동 성과를 창출하는 공유협력 생태계 조성에 나섰다.14일 울산대 LINC+육성사업단에 따르면 경일대·전남대·중앙대·한남대 LINC+육성사업단과 LINC 3.0사업을 준비하는 업무협약을 체결했다. 이번 협약은 동남권·대경권·호남권·수도권·충청권을 대표하는 각 대학이 지난 12일부터 이틀 동안 제주 라마다호텔에서 열린 ‘LINC 3.0사업 대비 초광역권 연계 워크숍’을 통해 대학 간 협력 방안을 논의한 것이다. 이재신 울산대 LINC+육성사업단장은 “초광역권 협력을 통해 포스트코로나 시대에 함께 성장하는 공유협력 생태계를 조성하기 위해 이번 워크숍을 마련했다”며 “지역 제한 없이 기업과 지역사회 전문가가 참여하는 인공지능(AI) 강좌 개발 등 함께 성장할 수 있는 프로그램을 발굴하도록 노력하겠다”고 전했다.,[울산=뉴시스] 구미현 기자 =울산대 LINC+육성사업단을 포함한 5개 대학 LINC+육성사업단이 지난 12일 LINC 3.0사업을 위한 초광역권 업무협약을 체결했다. 2021.11.14. (사진=울산대 제공) photo@newsis.com *재판매 및 DB 금지
44,20211114,국립생물자원관|, 동계 대학생 현장실습 참가자 모집,'2022년 동계 대학생 현장실습' 과정 20명 15∼25일 모집 (서울=연합뉴스) 김은경 기자 = 환경부 소속 국립생물자원관은 …,연합뉴스,김은경 기자,https://news.naver.com/main/read.naver?mode=LS2D&mid=shm&sid1=102&sid2=250&oid=001&aid=0012791091,https://imgnews.pstatic.net/image/origin/001/2021/11/14/12791091.jpg,'2022년 동계 대학생 현장실습' 과정 20명 15∼25일 모집    (서울=연합뉴스) 김은경 기자 = 환경부 소속 국립생물자원관은 생물 분야 전공 대학생에게 진로 탐색과 경력 형성의 기회를 주기 위해 '2022년 동계 대학생 현장실습(28기)' 과정을 개설하고 이번 달 15일부터 25일까지 참가자 20명을 모집한다고 14일 밝혔다.    대학생 현장실습은 2008년 6월 '생물자원 이해 과정(인턴십)'으로 처음 시작했으며 올해 8월까지 전국 80개 대학의 학생 532명이 참여했다.    국립생물자원관은 2017년 7월부터 '대학생 현장실습'으로 인턴십 명칭을 변경하고 산학협력선도대학과 각 대학의 현장실습 교육과정을 연계해 학점을 인정받게 했다.    '대학생 현장실습' 참가자들은 국립생물자원관의 주요 기능과 연구사업|, 생물자원과 생물다양성을 주제로 2일간의 공통교육을 받은 후 각 부서에 배치돼 전문 연구자의 지도를 받으며 업무를 익힌다.     또 참가자들의 진로 탐색에 직접 도움을 줄 수 있도록 생물자원·생물다양성 분야에서 활동하고 있는 선배 연구자와의 만남도 2회 이상 마련할 예정이다.     참가자들은 약 130만 원의 실습 수당과 국립생물자원관장 명의의 수료증을 받는다.    휴학생을 포함해 대학교 2학년 이상 학생이면 누구나 참여할 수 있으며 국립생물자원관 누리집(www.nibr.go.kr)에서 신청서를 내려받아 25일까지 전자메일(bioedu7162@korea.kr)로 제출하면 된다.     자세한 사항은 국립생물자원관 누리집(www.nibr.go.kr) 공지사항에서 확인할 수 있다.    bookmania@yna.co.kr,
45,20211114,수능 D-4,(서울=연합뉴스) 서명곤 기자 = 2022 대학수학능력시험이 나흘 앞으로 다가온 14일 오전 서울 종로구 조계사에 수험생들을 위 …,연합뉴스,서명곤 기자,https://news.naver.com/main/read.naver?mode=LS2D&mid=shm&sid1=102&sid2=250&oid=001&aid=0012791080,https://imgnews.pstatic.net/image/origin/001/2021/11/14/12791080.jpg,     (서울=연합뉴스) 서명곤 기자 =  2022 대학수학능력시험이 나흘 앞으로 다가온 14일 오전 서울 종로구 조계사에 수험생들을 위한 응원메시지를 남기는 게시판이 설치돼있다. 2021.11.14    seephoto@yna.co.kr,
46,20211114,수능 D-4,(서울=연합뉴스) 서명곤 기자 = 2022 대학수학능력시험이 나흘 앞으로 다가온 14일 오전 서울 종로구 조계사에 수험생들을 위 …,연합뉴스,서명곤 기자,https://news.naver.com/main/read.naver?mode=LS2D&mid=shm&sid1=102&sid2=250&oid=001&aid=0012791079,https://imgnews.pstatic.net/image/origin/001/2021/11/14/12791079.jpg,     (서울=연합뉴스) 서명곤 기자 =  2022 대학수학능력시험이 나흘 앞으로 다가온 14일 오전 서울 종로구 조계사에 수험생들을 위한 응원메시지를 남기는 게시판이 설치돼있다. 2021.11.14    seephoto@yna.co.kr,
47,20211114,수험생들을 위한 응원 메시지,(서울=연합뉴스) 서명곤 기자 = 2022 대학수학능력시험이 나흘 앞으로 다가온 14일 오전 서울 종로구 조계사에 수험생들을 위 …,연합뉴스,서명곤 기자,https://news.naver.com/main/read.naver?mode=LS2D&mid=shm&sid1=102&sid2=250&oid=001&aid=0012791078,https://imgnews.pstatic.net/image/origin/001/2021/11/14/12791078.jpg,    (서울=연합뉴스) 서명곤 기자 =  2022 대학수학능력시험이 나흘 앞으로 다가온 14일 오전 서울 종로구 조계사에 수험생들을 위한 응원메시지를 남기는 게시판이 설치돼있다. 2021.11.14    seephoto@yna.co.kr,
48,20211114,수험생들을 위한 응원 메시지,(서울=연합뉴스) 서명곤 기자 = 2022 대학수학능력시험이 나흘 앞으로 다가온 14일 오전 서울 종로구 조계사에 수험생들을 위 …,연합뉴스,서명곤 기자,https://news.naver.com/main/read.naver?mode=LS2D&mid=shm&sid1=102&sid2=250&oid=001&aid=0012791076,https://imgnews.pstatic.net/image/origin/001/2021/11/14/12791076.jpg,    (서울=연합뉴스) 서명곤 기자 =  2022 대학수학능력시험이 나흘 앞으로 다가온 14일 오전 서울 종로구 조계사에 수험생들을 위한 응원메시지를 남기는 게시판이 설치돼있다. 2021.11.14    seephoto@yna.co.kr,
49,20211114,수능 D-4,(서울=연합뉴스) 서명곤 기자 = 2022 대학수학능력시험이 나흘 앞으로 다가온 14일 오전 서울 종로구 조계사에 수험생들을 위 …,연합뉴스,서명곤 기자,https://news.naver.com/main/read.naver?mode=LS2D&mid=shm&sid1=102&sid2=250&oid=001&aid=0012791074,https://imgnews.pstatic.net/image/origin/001/2021/11/14/12791074.jpg,     (서울=연합뉴스) 서명곤 기자 =  2022 대학수학능력시험이 나흘 앞으로 다가온 14일 오전 서울 종로구 조계사에 수험생들을 위한 응원메시지를 남기는 게시판이 설치돼있다. 2021.11.14    seephoto@yna.co.kr,
50,20211114,'사랑한다|, 응원한다',(서울=연합뉴스) 서명곤 기자 = 2022 대학수학능력시험이 나흘 앞으로 다가온 14일 오전 서울 종로구 조계사에 수험생들을 위 …,연합뉴스,서명곤 기자,https://news.naver.com/main/read.naver?mode=LS2D&mid=shm&sid1=102&sid2=250&oid=001&aid=0012791072,https://imgnews.pstatic.net/image/origin/001/2021/11/14/12791072.jpg,    (서울=연합뉴스) 서명곤 기자 =  2022 대학수학능력시험이 나흘 앞으로 다가온 14일 오전 서울 종로구 조계사에 수험생들을 위한 응원메시지를 남기는 게시판이 설치돼있다. 2021.11.14    seephoto@yna.co.kr,
51,20211114,수험생들을 위한 응원 메시지,(서울=연합뉴스) 서명곤 기자 = 2022 대학수학능력시험이 나흘 앞으로 다가온 14일 오전 서울 종로구 조계사에 수험생들을 위 …,연합뉴스,서명곤 기자,https://news.naver.com/main/read.naver?mode=LS2D&mid=shm&sid1=102&sid2=250&oid=001&aid=0012791071,https://imgnews.pstatic.net/image/origin/001/2021/11/14/12791071.jpg,    (서울=연합뉴스) 서명곤 기자 =  2022 대학수학능력시험이 나흘 앞으로 다가온 14일 오전 서울 종로구 조계사에 수험생들을 위한 응원메시지를 남기는 게시판이 설치돼있다. 2021.11.14    seephoto@yna.co.kr,
52,20211114,수험생들을 위한 응원 메시지,(서울=연합뉴스) 서명곤 기자 = 2022 대학수학능력시험이 나흘 앞으로 다가온 14일 오전 서울 종로구 조계사에 수험생들을 위 …,연합뉴스,서명곤 기자,https://news.naver.com/main/read.naver?mode=LS2D&mid=shm&sid1=102&sid2=250&oid=001&aid=0012791070,https://imgnews.pstatic.net/image/origin/001/2021/11/14/12791070.jpg,    (서울=연합뉴스) 서명곤 기자 =  2022 대학수학능력시험이 나흘 앞으로 다가온 14일 오전 서울 종로구 조계사에 수험생들을 위한 응원메시지를 남기는 게시판이 설치돼있다. 2021.11.14    seephoto@yna.co.kr,
53,20211114,'사랑한다|, 응원한다',(서울=연합뉴스) 서명곤 기자 = 2022 대학수학능력시험이 나흘 앞으로 다가온 14일 오전 서울 종로구 조계사에 수험생들을 위 …,연합뉴스,서명곤 기자,https://news.naver.com/main/read.naver?mode=LS2D&mid=shm&sid1=102&sid2=250&oid=001&aid=0012791069,https://imgnews.pstatic.net/image/origin/001/2021/11/14/12791069.jpg,    (서울=연합뉴스) 서명곤 기자 =  2022 대학수학능력시험이 나흘 앞으로 다가온 14일 오전 서울 종로구 조계사에 수험생들을 위한 응원메시지를 남기는 게시판이 설치돼있다. 2021.11.14    seephoto@yna.co.kr,
54,20211114,한국사학진흥재단|, 한국교육학회와 '사학진흥 정책연구' 업무협약,(서울=뉴스1) 권형진 기자 = 한국사학진흥재단(KASFO)은 한국교육학회와 미래교육 발전을 위한 협력을 강화하기 위한 업무협약 …,뉴스1,권형진 기자,https://news.naver.com/main/read.naver?mode=LS2D&mid=shm&sid1=102&sid2=250&oid=421&aid=0005722012,https://imgnews.pstatic.net/image/origin/421/2021/11/14/5722012.jpg,(서울=뉴스1) 권형진 기자 = 한국사학진흥재단(KASFO)은 한국교육학회와 미래교육 발전을 위한 협력을 강화하기 위한 업무협약(MOU)을 온라인 화상회의 방식으로 체결했다고 14일 밝혔다. 두 기관은 앞으로 Δ교육·연수 프로그램 개발·운영 Δ사학진흥 관련 연구 Δ심포지엄|, 포럼 등 학술적 교류 분야에서 상호 교류와 협력체계를 구축할 예정이다. 사학진흥재단은 특히 교육정책 연구 분야 전문기관인 한국교육학회와 업무협약을 체결함으로써 재단의 정책 역량을 강화하고 실질적인 사학지원기관으로 거듭날 수 있는 발판을 마련하게 됐다고 평가했다. 1953년 설립된 한국교육학회는 국내 교육학 분야 대표학회다. 홍덕률 사학진흥재단 이사장은 "학령인구 급감 등으로 사립대학들이 위기 상황에 처한 현 시점에서 두 기관의 업무협약은 사립대학의 짐을 덜어 줄 수 있는 정책들을 연구·설계함으로써 미래 교육 발전에 의미 있는 역할을 할 것으로 기대한다"고 말했다.,홍덕률 한국사학진흥재단 이사장(사진)은 정일환 한국교육학회 회장과 온라인 화상회의 방식으로 업무협약식을 개최했다. (한국사학진흥재단 제공) © 뉴스1
55,20211114,부산시|, 지산학협력 10호 센터 개소…스마트팜 산업 육성,(부산=연합뉴스) 박성제 기자 = 부산시는 15일 부산경상대학교에서 '스마트팜'을 주제로 오픈 캠퍼스 미팅을 열고 지산학협력 브 …,연합뉴스,박성제 기자,https://news.naver.com/main/read.naver?mode=LS2D&mid=shm&sid1=102&sid2=250&oid=001&aid=0012790920,https://imgnews.pstatic.net/image/origin/001/2021/11/14/12790920.jpg,    (부산=연합뉴스) 박성제 기자 = 부산시는 15일 부산경상대학교에서 '스마트팜'을 주제로 오픈 캠퍼스 미팅을 열고 지산학협력 브랜치 10호 센터를 개소한다고 14일 밝혔다.    스마트팜은 사물인터넷 등 최첨단 정보통신 기술을 활용해 경작 환경을 제어하면서 농산물의 품질과 생산성을 향상하는 실내 농장이다.    지자체와 산업체|, 대학이 협력하는 지산학협력 브랜치 10호 센터는 대학 내 산학협력관에 입주한 사회적 서비스 기관|, 창업기업들과의 협업을 통해 스마트팜의 효율성을 높일 예정이다.    부산시 관계자는 "시는 스마트팜 사업을 시작하려는 기업을 발굴해 사업비를 지원하고|, 대학은 전문인력을 양성해 기업에 공급할 예정"이라며 "기업은 스마트팜 플랫폼을 개발·제조해 일자리 창출에 기여하는 선순환 체계를 만들겠다"고 밝혔다.    psj19@yna.co.kr,스마트팜[부산시 제공. 재판매 및 DB 금지]
56,20211114,경기과학고|, 의대에 지원한 졸업생들 장학금 전액 회수,23명 총 1억2천만원…"학교 설립 취지에 맞지 않아서" (수원=연합뉴스) 이영주 기자 = 경기도 내 유일한 영재학교인 경기과학 …,연합뉴스,이영주 기자,https://news.naver.com/main/read.naver?mode=LS2D&mid=shm&sid1=102&sid2=250&oid=001&aid=0012790890,https://imgnews.pstatic.net/image/origin/001/2021/11/14/12790890.jpg,23명 총 1억2천만원…"학교 설립 취지에 맞지 않아서"(수원=연합뉴스) 이영주 기자 = 경기도 내 유일한 영재학교인 경기과학고가 의학계열 대학에 지원한 졸업생들에게 재학 중 지급한 장학금 전액을 회수했다.    '과학기술 인재 양성'이라는 학교 설립 취지에 맞지 않는다며 내린 조치로|, 올해 2월 졸업생 중 23명(장학금 총액 1억2천600여만원)이 첫 회수 대상이 됐다.    14일 경기도교육청이 도의회 교육기획위원회 김경근 의원에 제출한 경기과학고 졸업생의 의학 계열 대학진학률을 보면 2018학년도 6.7%|, 2019학년도 8.7%|, 2020학년도 10.3%로 매년 늘고 있다.     영재학교진흥법에 따라 2013년 과학영재학교로 전환된 경기과학고는 수학·과학 등 이공계열 인재 양성이라는 설립 취지와 달리 의대로 진학하는 학생이 늘자 2018학년도 신입생 선발 때부터 의대 지원 학생에 대해 ▲장학금 회수 ▲대입 추천서 제외 등 불이익을 주기로 모집 요강에 명시했다.         이에 따라 2018학년도에 입학해 올 2월 졸업한 학생 126명 중 합격 여부와 관계없이 의학계열 대학에 입학원서를 낸 것으로 확인된 23명의 장학금을 모두 되돌려 받았다.    의학계열 대학 지원자 23명 중 13명은 합격하고|, 10명은 불합격한 것으로 알려졌다.    경기과학고 재학생에게 지급되는 장학금은 수업료를 제외한 ▲연구활동 ▲국제교류협력활동 ▲진로체험활동 지원비로|, 1인당 3년간 약 550만원이다.     같은 영재학교인 서울과학고와 광주과학고도 이 학교와 같이 의학계열 대학 진학 학생들의 장학금을 회수하고 있다.     2022학년도 신입생 모집부터는 이 같은 제재가 전국 8개 모든 영재학교에 공통으로 적용된다.      또 모든 영재학교는 ▲진로 진학 지도 미실시 및 대입 추천서 제외 ▲학점 표기 없이 석차만 기록된 학교생활기록부Ⅱ 제공 ▲의학계열 대학 지원 확인 시 정규수업 외 기숙사·독서실 이용 제한 등의 조치도 한다.     경기도교육청 융합교육정책과 관계자는 "과학기술 인재를 양성한다는 설립 취지에 맞게 학교가 운영될 수 있도록 의학 계열로 진학을 희망하는 학생은 영재학교 입학 지원을 지양해달라"고 당부했다.     young86@yna.co.kr,[연합뉴스 자료사진. 기사 내용과 관계없음]
57,20211114,장학금 환수에도 영재학교 경기과학고생 의대 진학↑,기사내용 요약 2020학년도 졸업생 중 10.3%(13명)가 의학계열 진학 2011년 이후 한해 평균 의대 진학율 8.7%보다  …,뉴시스,변근아 기자,https://news.naver.com/main/read.naver?mode=LS2D&mid=shm&sid1=102&sid2=250&oid=003&aid=0010830693,https://imgnews.pstatic.net/image/origin/003/2021/11/14/10830693.jpg,기사내용 요약2020학년도 졸업생 중 10.3%(13명)가 의학계열 진학2011년 이후 한해 평균 의대 진학율 8.7%보다 높아 현재 고3 학생 21명(16.7%)도 의대 진학 희망하고 있어2018학년도 지원액 전액환수 등 조치에도 효과 없어도교육청 "제재 계속 강화...의대계열 희망 시 입학 말아야"[수원=뉴시스]변근아 기자 = 이공계 분야 인재 양성을 위해 만들어진 경기과학고 졸업생이 설립 취지와 무관하게 의대에 진학하는 행태가 여전한 것으로 드러났다.장학금 환수|, 추천서 미작성 등 의학계열 지원 시 불이익을 가하고 있어도 실질적인 효과를 내지 못하고 있는 것이다.14일 김경근 경기도의회 교육기획위원회 의원(더불어민주당·남양주6)이 경기도교육청으로부터 제출받은 '경기과학고 의학계열 대학진학 현황' 자료에 따르면 올 2월(2020학년도) 경기과학고 졸업생 126명 중 13명(10.3%)이 의학계열 대학으로 진학했다. 지원자수는 이보다 더 많은 23명(18.3%)에 달한다.경기과학고가 2011년 과학영재학교로 전환된 뒤 지금까지 의학계열로 진학한 학생 수를 살펴보면 총 88명으로 전체 졸업생의 8.76%에 달한다.영재학교는 영재교육진흥법에 따라 설립된 고등학교로 과학영재 발굴과 교육을 목표로 하는 학교다.국내에는 ▲경기과학고 ▲광주과학고 ▲대구과학고 ▲대전과학고 ▲서울과학고 ▲세종과학예술영재학교 ▲인천과학예술영재학교 ▲한국과학영재학교 등 8개의 영재학교가 있다.그러나 이공계 우수 인재를 양성한다는 학교 설립 목적에도 불구하고 졸업 후 의대 등에 진학하는 통로로 영재학교를 이용하는 학생들이 계속 나온다는 지적이 제기돼왔다.이에 영재학교 측은 의대에 지원한 학생을 대상으로 교육비를 환수하는 등의 불이익 조치를 검토했고|, 경기과학고 역시 2018학년도 신입생부터 입학 전형요항에 '의대 계열 지원 시 재학 중 받은 장학금 등 지원액 전액 회수|, 교원 추천서 작성 불가' 등을 명시했다.지원액은 3년 동안 학생들이 받은 ▲연구활동 지원 ▲진로체험 활동비 ▲국제교류 활동비 등을 포함한 것으로|, 만약 의대를 지원할 시 1인당 550여만원씩 반납을 해야한다. 그럼에도 불구하고 해당 학년도 졸업생 중 의대에 진학한 학생 비율이 평균보다 더 늘어난 것이다.여기에 올해도 3학년 학생 126명 중 21명(16.7%)이 의대 진학을 희망하고 있는 상황인 것으로 조사됐다.[수원=뉴시스] 2022학년도 경기과학고 신입생 입학 전형요항에 의학 계열 진학 시 장학금 환수 등 불이익 조치 내용이 적혀있다. (사진=경기과학고 신입생 전형요항 일부 갈무리) *재판매 및 DB 금지김 의원은 지난 12일 경기도교육청 교육과정국 등을 대상으로 한 행정사무감사에서 이를 지적하기도 했다.김 의원은 이날 "경기과학고 입학전형에 의대 진학 시 장학금이나 지원금을 모두 회수한다고 명시했음에도 상당히 많은 학생이 의학계열에 진학하고 있으며|, 그 인원도 해마다 늘고 있다"며 "설립취지와 다르게 입시의 도구로 전락할 수 있기에 철저한 대비를 해주길 바란다"고 말했다.도교육청도 학교에서 여러 추가 대책 등을 마련하고 있다는 입장이다. 도교육청 관계자는 "2022학년 신입생은 장학금 환수 조치 외에도 입학 시 의학계열 진학을 하지 않겠다는 서약을 받으며|, 입학한 뒤에도 의학계열 진학 희망 시 진학 지도를 하지 않고 정규 수업 외 학교 시설 이용 제한 등 계속 제재를 강화할 방침"이라고 말했다.이어 "이처럼 학교 측에서도 학교설립 목적에 맞게 운영하기 위한 다양한 고민을 하고 있지만 중요한 것은 학생|, 학부모가 이 약속을 이행해주는 것"이라며 "의학계열 등으로 진학을 원할 경우 애초에 영재학교로 지원하지 않길 바란다”고 덧붙였다.,해당 기사 내용과 직접적 관련없음. (사진=뉴시스 DB)
58,20211114,이재명 "채용 공정 없으면 공정 대한민국 없다…노무현이 열어 준 길 따라",(서울=뉴스1) 박태훈 선임기자 = 이재명 더불어민주당 대선 후보가 청년세대 마음을 잡기 위해 '부동산' 대책에 이어 '채용 비 …,뉴스1,박태훈 기자,https://news.naver.com/main/read.naver?mode=LS2D&mid=shm&sid1=102&sid2=250&oid=421&aid=0005721830,https://imgnews.pstatic.net/image/origin/421/2021/11/14/5721830.jpg,(서울=뉴스1) 박태훈 선임기자 = 이재명 더불어민주당 대선 후보가 청년세대 마음을 잡기 위해 '부동산' 대책에 이어 '채용 비리 근절-공정 채용 확립'이라는 또 하나의 카드를 제시했다.이 후보는 14일|, 자신의 페이스북을 통해 자신이 수구세력의 반대를 무릅쓰고 이룩한 '공정채용' 확립사례를 소개했다.즉 "내년 교원 채용계획이 있는 경기도 내 모든 사립학교가 1차 필기시험부터|, 수업시연|, 면접까지 채용의 전 과정을 교육청에 위탁한다고 한다"며 자신이 추진했던 '사립학교 공정채용'이 적어도 내년 경기도 전역에 안착됐음을 알렸다.이 후보는 "그때 참 지독했다"며 기득권|, 수구세력의 반대가 극심했음을 술회한 뒤 그럼에도 앞으로 나아간 것은 고 노무현 전 대통령의 길을 따르려 했기 때문이라고 강조했다.이 후보는 "노 대통령은 '사립학교법 개정'에 당시 족벌 사학재단|, 한나라당과 보수언론이 삼각편대를 구성해 극렬하게 저항했지만 개혁의 물꼬를 트셨다"며 자신의 그 뜻을 이었다고 설명했다. 이어 이 후보는 "기득권 카르텔 개혁이 곧 민생 개혁이라는 점도 다시 한번 새긴다"며 민생개혁 첫 단계로 채용비리 근절책 마련을 약속했다.이 후보는 "청년들의 사회 진출 첫 단계인 채용의 공정성도 바로잡지 못하면 공정한 대한민국을 말할 수 없다"며 "취업 준비에 여념 없는 청년들의 가슴에 대못을 박는 채용 비리를 근절시키겠다"고 다짐했다.나아가 "이재명 정부는 기득권의 거센 저항에 흔들리지 않고|, 우리 사회 공정의 가치를 하나하나 바로 세워나가겠다"며 이는 "노무현 대통령이 거침없이 열어준 길을 따라 더 멀리 가려는 것"이라고 설명했다.,전국 민생탐방 투어에 나선 이재명 더불어민주당 대선 후보가 13일 오전 부산 영도구 카페 무명일기에서 열린 부산지역 스타트업·소셜벤처인과의 간담회에서 참석자들과 인사하고 있다. © News1 오대일 기자
59,20211114,부산교육청|, 지역대학 지원책 추진…신설학과 설명회 등,(부산=연합뉴스) 김선호 기자 = 부산교육청은 학령인구 감소로 위기에 봉착한 지역 대학을 돕기 위한 다양한 지원책을 추진한다고  …,연합뉴스,김선호 기자,https://news.naver.com/main/read.naver?mode=LS2D&mid=shm&sid1=102&sid2=250&oid=001&aid=0012790848,https://imgnews.pstatic.net/image/origin/001/2021/11/14/12790848.jpg,    (부산=연합뉴스) 김선호 기자 = 부산교육청은 학령인구 감소로 위기에 봉착한 지역 대학을 돕기 위한 다양한 지원책을 추진한다고 14일 밝혔다.    교육청은 먼저 지역대학 미충원 현황 정보를 공유해 진학지도에 활용하고|, 지역 대학을 홍보하는 협력 사업을 확대하기로 했다.    고교학점제 과목 선택을 확대하기 위한 대학 연계 프로그램과 신설·특색 학과 설명회 등도 추진한다.    교육청은 또 세부 프로그램으로 대입 상담캠프 내 지역 대학 정보관 운영|, 학과별 장점 소개 자료 개발|, 입시설명회 및 대학 입학 업무 담당자 업무협의회 개최|, 입시 자료집 발간 등도 지원한다.    교육과정 프로그램으로는 지역대학 연계 서머·윈터스쿨 운영|, 고교학점제 선도지구 양해각서 체결|, 학과 안내 동영상 제작 등을 지원한다.    김석준 교육감은 "학령인구 감소|, 지역 인재의 수도권 집중|, 지역 산업 활력 저하 등으로 지역 대학의 위기가 가속화되고 있다"며 "교육청이 지역 대학을 살리는 데 앞장서겠다"고 말했다.    wink@yna.co.kr,부산교육청[부산교육청 제공. 재판매 및 DB 금지]
60,20211114,딥페이크·온라인그루밍…신종 학교폭력 안내하는 '스쿨벨',서울시교육청이 얼굴 합성 딥페이크|, 온라인 그루밍 등 등 신종 학교폭력 사례를 안내해 학교폭력을 예방하는 프로그램을 운영한다.  …,머니투데이,한민선 기자,https://news.naver.com/main/read.naver?mode=LS2D&mid=shm&sid1=102&sid2=250&oid=008&aid=0004670096,https://imgnews.pstatic.net/image/origin/008/2021/11/14/4670096.jpg,서울시교육청이 얼굴 합성 딥페이크|, 온라인 그루밍 등 등 신종 학교폭력 사례를 안내해 학교폭력을 예방하는 프로그램을 운영한다.서울시교육청은 서울경찰청과 협력해 '신종 학교폭력 안내 - 스쿨벨 시스템'(이하 스쿨벨)을 구축했다고  14일 밝혔다. 스쿨벨이라는 명칭은 '학교종이 울리면 학생·학부모·교사 모두 주의를 기울인다'는 의미다.스쿨벨 테스크포스(TF)팀에서 2개월마다 서울시교육(지원)청·117 신고센터·학교 전담 경찰관(SPO) 활동 등에서 확인한 다양한 학교폭력 사례 중 신속하게 전파해야 하는 내용 중심으로 공유사례를 선정한다. 학생 눈높이에 맞고 온·오프라인 활용이 가능한 카드뉴스 및 포스터 형식의 자료로 제작한다. 학교는 스쿨벨 자료를 학교 홈페이지|, 학교 e-가정통신문 등을 통해 학생 및 학부모에게 안내할 예정이다. 서울시경찰청에서는 학교 전담 경찰관과 협조해 학교 방문 시 홍보 자료로 활용한다. SNS 채널을 개설해 자료 탑재 및 실시간 소통·홍보도 이어간다.서울시교육청 관계자는 "이번 사업이 지속적으로 이어져 학교 구성원들에게 학교폭력에 대한 이해와 경각심을 높이고|, 선제적으로 학교폭력을 예방하는 대표적인 협업 사례로 자리잡기를 기대한다"고 말했다.,/사진제공=서울시교육청
61,20211114,"킥보드가 사라졌어요" 카카오 T 바이크만 남은 연세대 교정···무슨 일?,[서울경제] 카카오(035720) 모빌리티를 제외한 공유 퍼스널모빌리티(PM) 업체들이 최근 서울 서대문구 연세대 캠퍼스에서 일 …,서울경제,정다은 기자,https://news.naver.com/main/read.naver?mode=LS2D&mid=shm&sid1=102&sid2=250&oid=011&aid=0003984921,https://imgnews.pstatic.net/image/origin/011/2021/11/14/3984921.jpg,킥고잉·빔·일레클 등 최근 일제히 철수학교 측과 사업 중인 카카오 T 바이크만 운영학생들로부턴 "독점 아니냐"는 불만 일어연세대 측 "타 서비스도 조만간 재개 검토"[서울경제] 카카오(035720)모빌리티를 제외한 공유 퍼스널모빌리티(PM) 업체들이 최근 서울 서대문구 연세대 캠퍼스에서 일제히 철수한 것으로 확인됐다. 연세대는 대학생 밀집구역인데다가 지난 2013년 백양로 공사 이후로는 정문을 경유하는 셔틀버스도 운영되지 않고 있어 공유PM 수요가 특히 높은 곳이다. 이에 다수 공유PM 업체들이 서비스 론칭 초기인 지난 2019년부터 일찌감치 연세대 내 서비스를 시작했지만 지난 9월에야 서대문구에 진출한 카카오에 자리를 내주게 되자 그 배경에 대해 눈길이 쏠리고 있다.14일 서울경제 취재를 종합하면 현재 연세대 신촌캠퍼스 내에서 찾아볼 수 있는 공유 PM은 카카오모빌리티의 ‘카카오 T 바이크’ 뿐이다. 기존에는 전동킥보드 ‘킥고잉’과 ‘빔’|, 전기자전거 ‘일레클’ 등도 캠퍼스 내부에서 서비스를 운영하고 있었다. 하지만 연세대 측에서 지난 9월 말부터 해당 업체들에게 수 차례 자진 철수를 요청하자 빔은 지난 10월 말|, 킥고잉과 일레클은 이달 초 캠퍼스 전 구역을 기기 반납가능구역에서 제외하며 줄줄이 교내 서비스를 잠정 중단했다.━학생들 “불편해···독점 우려”|, 업체들 “억울하지만 어쩔 수 없어”카카오 T 바이크 기기는 연세대 내 다수 주차돼 있는 반면 킥고잉|, 빔은 연세대를 주차불가구역으로 설정해 놓았다. 카카오 T·킥고잉·빔 앱 갈무리.학생들은 PM 업체들의 연이은 퇴장에 대해 불만의 목소리를 내고 있다. 재학생 문모씨(26)는 “공유킥보드 월정액권을 끊어 자취방과 학교 도서관을 오갈때 이용하고 있었는데 교내에서 킥보드를 아예 이용하지 못하게 되니 당황스럽다”며 “학교 측에 메일을 보내 항의도 해봤으나 답장이 오지 않았다”고 말했다. 실제 일레클|, 킥고잉|, 빔 등은 모두 단골 이용자를 위한 별도의 구독 서비스를 운영하지만 카카오 T 바이크는 기본 15분 1|,500원|, 이후 분당 100원이라는 단일 요금체계만을 제시한다. 카카오 T 바이크만 단독 서비스를 제공하는 것에 대해 거부감이 든다는 의견도 있었다. 익명을 요구한 또 다른 재학생(22)은 “다양한 선택권을 제공받고 싶은데 카카오 T 바이크만 이용할 수 있으니 독점이라는 생각이 들어 타고 싶지 않다”고 전했다.퇴장한 업체들은 대학 교정이 사유지에 해당하는 만큼 철수 요청은 학교 측의 권한이라 “어쩔 수 없다”는 입장을 전했다. 하지만 지난 2~3년 간 최대한 학교 측과 협조하며 사업을 운영해온 만큼 카카오 측의 서비스만 허용한 것에 대해 조금은 억울하다는 반응을 보였다. 올해 9월에야 서대문구 내 서비스를 시작한 카카오와 달리 킥고잉|, 일레클은 지난 2019년부터 연세대 내 서비스를 운영해왔다. 특히 킥고잉의 경우 지난 1월 연세대 총학생회와 함께 업무협약(MOU)을 맺어 장애인주차구역 등 캠퍼스 내 50여 곳에 전동킥보드 주차 금지 사인을 설치하고|, 재학생 전용 요금제를 실시하는 등 올해까지도 연세대 측과 활발한 협력을 이어왔다.━철수 요청은 카카오와의 사업 때문? 연세대 측 “사실무근···타 서비스 재개도 검토”14일 서울 서대문구 연세대 캠퍼스 내 공유퍼스널모빌리티 사업 관련 안내문이 설치돼 있다. 실증 기간 동안 공유 퍼스널 모빌리티는 카카오 바이크만 허용된다./정다은 기자실제 일각에서는 연세대가 카카오모빌리티와 함께 진행하고 있는 PM 안전주행인프라 구축사업 때문에 타 업체들에 철수를 요청한 게 아니냐는 의혹을 제기한다. 연세대는 지난 3월 국토교통부가 지원하는 ‘스마트캠퍼스챌린지 사업’에 선정돼 지난 9월 15일부터 카카오모빌리티·세나테크놀로지(카카오게임즈(293490) 자회사)·두루스코 등과 함께 컨소시엄을 구축해 PM 안전주행인프라 실증을 진행하고 있다. 실증 기간은 오는 12월 31일까지로 약 3개월이며|, 이 기간동안 연세대는 카카오모빌리티의 카카오 T 바이크와 세나테크놀로지의 스마트 헬멧을 실증수단으로 활용해 △카카오 T 바이크 정문 출입허용 △카카오 T 바이크 전용동선 운영 △자전거 안전표지판 설치 △카카오 T 바이크 주차구역 운영 등을 진행한다.대학 측은 카카오와의 사업 때문에 사업 철수를 요구했다는 의혹에 대해서는 “사실이 아니”라고 일축했다. 연세대 관계자는 “지난 2년간 PM 사고도 수 차례 발생했고|, 주차 문제도 계속해서 불거졌다”이라며 “교내에서 사고가 나면 학교 측도 책임을 물어야 하는데 곧 대면수업이 시작돼 사고 위험도 덩달아 커질 우려가 있어 철수를 요청하게 됐다”고 해명했다. 다만 학생 선택권을 제한한다는 지적에 대해선 타 업체들의 서비스 재개도 검토할 방침이라고 밝혔다. 이 관계자는 “사업을 통해 교내 안전운행 인프라를 정착시키고 나면 내년 1학기부터는 타 업체들의 교내 서비스를 재개할 수 있을 것으로 본다”며 “계약 만료 시점인 올해 12월 이전부터 업체들과 만나서 협상을 할 예정”이라고 말했다.,14일 서울 서대문구 연세대 캠퍼스 내 카카오 T 바이크가 주차돼 있다./정다은 기자
62,20211114,얼굴 합성 딥페이크·온라인 그루밍 '학교폭력' 예방…'스쿨벨' 운영,[이데일리 오희나 기자] 서울시교육청은 서울경찰청과 협력해 선제적으로 학교폭력을 예방하기 위해 ‘신종 학교폭력 안내-스쿨벨 시스 …,이데일리,오희나 기자,https://news.naver.com/main/read.naver?mode=LS2D&mid=shm&sid1=102&sid2=250&oid=018&aid=0005085358,https://imgnews.pstatic.net/image/origin/018/2021/11/14/5085358.jpg,서울시교육청·경찰청|, 15일부터 '스쿨벨' 운영신종 학교폭력 정보 신속 안내 체제 구축[이데일리 오희나 기자] 서울시교육청은 서울경찰청과 협력해 선제적으로 학교폭력을 예방하기 위해 ‘신종 학교폭력 안내-스쿨벨 시스템’을 오는 15일부터 운영하기로 했다고 14일 밝혔다. 스쿨벨은 최근 들어 사회적으로 크게 문제가 되는 얼굴 합성 딥페이크|, 온라인 그루밍 등 신종 학교폭력을 서울시교육청 소속 초·중·고 학생|, 학부모|, 교사에게 신속하게 안내해 학교폭력을 선제적으로 예방하기 위한 프로그램이다. 스쿨벨의 명칭은‘학교종이 울리면 학생·학부모·교사 모두 주의를 기울인다는 의미’로 학생 및 SPO 공모를 통해 선정됐다.서울시교육청과 서울경찰청은 새로운 유형의 학교폭력 피해 사례가 빠르게 증가하는 데 비해 학생들이 유사 사례를 알지 못해 추가 피해가 발생하거나|, 피해가 확산된 이후에 대책을 마련하는 등의 문제점을 해결하기 위해 고심했다. 그 대응책으로 스쿨벨을 통해 학생들의 눈높이에 맞게 다양한 사례들을 신속하게 제공하는 방안을 마련했다.  스쿨벨 TF팀에서 2개월마다 서울시교육(지원)청·117 신고센터·SPO 활동 등에서 확인한 다양한 학교폭력 사례 중 신속하게 전파해야 하는 내용 중심으로 공유사례를 선정하고|, 학생 눈높이에 맞고 온·오프라인 활용이 가능한 카드뉴스 및 포스터 형식의 자료로 제작한다. 학교는 스쿨벨 자료를 학교 홈페이지|, 학교 e-가정통신문 등을 통해 학생 및 학부모에게 안내할 예정이다. 서울시경찰청에서는 학교 전담 경찰관(SPO)과 협조해 학교 방문 시 홍보 자료로 활용하고|, SNS 채널을 개설(카카오톡 채널 ‘스쿨벨’)해 자료 탑재·실시간 소통과 홍보를 가능하도록 했다.서울시교육청은 “이번 사업이 지속적으로 이어져 학교 구성원들에게 학교폭력에 대한 이해와 경각심을 높이고 선제적으로 학교폭력을 예방하는 대표적인 협업 사례로 자리잡기를 기대한다”고 밝혔다.,
63,20211114,특성화고 학과재구조화…반려동물·인공지능 등 신산업분야 지원,[이데일리 오희나 기자] 서울시교육청이 미래 지향적 신산업분야 진출을 위한 특성화고등학교 학과 재구조화·개편 추진을 지원한다.  …,이데일리,오희나 기자,https://news.naver.com/main/read.naver?mode=LS2D&mid=shm&sid1=102&sid2=250&oid=018&aid=0005085356,https://imgnews.pstatic.net/image/origin/018/2021/11/14/5085356.jpg,4차산업혁명 대응 신산업분야 전문 기술인재 양성친환경자동차·반려동물케어·인공지능 등 학과 개편[이데일리 오희나 기자] 서울시교육청이 미래 지향적 신산업분야 진출을 위한 특성화고등학교 학과 재구조화·개편 추진을 지원한다. 4차 산업혁명 시대에 부응하는 특성화고등학교의 학과 재구조화·개편을 통해 중등 직업교육의 경쟁력 제고와 교육과정 고도화를 지원하며|, 신산업분야 전문 기술인재를 지속해서 양성할 계획이다.특성화고 학생 대상 AI 모의면접 (사진=연합뉴스)서울시교육청은 14일 올해 21개교 27개 학과가 학과재구조화 사업에 선정됐다고 밝혔다. 특히 스마트펫(PET)경영과|, 친환경자동차과|, 반려동물케어과|, 바이오코스메틱과|, AI전자과 등 신산업분야의 학과 개편이 다수 선정돼 미래 유망산업 분야의 인력 수요에 부응할 수 있을 것으로 기대한다.서울시교육청은 개편되는 학과의 전문교과 교육과정 운영에 필요한 실습환경 개선을 위한 시설·기자재 확보와 학생 교육활동|, 학습자료 개발 등을 위해 1학과(2학급)에 5억원의 예산을 지원한다. 아울러|, 교육과정 편성·운영에 대한 컨설팅과 연수를 통해 개편 학과의 신입생 모집 준비를 밀착 지원하고 있다.인공지능 분야로 특화된 학과로 개편 운영하는 특성화고등학교를 인공지능(AI) 고등학교로 선정 지원하고 있다. 지난해 4교 선정에 이어 올해도 4교를 선정하고 인공지능 전문 기술교육 기반 구축을 위해 교당 3억원의 예산을 지원한다.서울시교육청은 지역의 특성과 학생·학부모 수요|, 학교 여건 등을 고려해 경찰행정과|, 부사관행정과 등 39개 학과를 교육청 자체 신설학과로 개편 승인하고|, 2022학년도 특성화고등학교 신입생을 모집한다. 조희연 서울시교육감은 “특성화고는 우리의 미래다”라며 “4차 산업혁명 시대에 부응하는 특성화고 교육시스템을 체계적으로 마련해 직업교육을 활성화하고 이를 통해 미래 핵심역량과 전문성을 갖춘 신산업분야 기술인재를 양성할 수 있도록 적극 지원하겠다”고 밝혔다.,
64,20211114,서울시교육청|, 특성화고 27개 학과 미래 산업 관련으로 개편,(서울=연합뉴스) 이도연 기자 = 서울시교육청은 서울지역 특성화고 21개교의 27개 학과를 미래 산업수요에 맞춰 재구조하는 사업 …,연합뉴스,이도연 기자,https://news.naver.com/main/read.naver?mode=LS2D&mid=shm&sid1=102&sid2=250&oid=001&aid=0012790826,https://imgnews.pstatic.net/image/origin/001/2021/11/14/12790826.jpg,    (서울=연합뉴스) 이도연 기자 = 서울시교육청은 서울지역 특성화고 21개교의 27개 학과를 미래 산업수요에 맞춰 재구조하는 사업을 지원한다고 14일 밝혔다.    특성화고 학과 재구조화는 2016년부터 교육부와 교육청이 함께 하는 사업으로|, 지역 여건과 산업수요에 맞춘 유망 분야로 학과를 개편한다.    올해 서울 특성화고 학과 재구조화 사업에는 스마트펫 경영과|, 친환경 자동차과|, 반려동물 케어과|, 바이오 코스메틱과|, AI전자과 등 신산업분야로의 개편이 다수 선정됐다.    서울시교육청은 개편되는 학과의 교육과정 운영에 필요한 시설·기자재 확보를 위해 1학과(2학급)당 5억 원의 예산을 지원한다.     또 인공지능 분야로 특화된 학과로 개편·운영되는 특성화고등학교는 인공지능(AI) 고등학교로 선정해 교당 3억 원을 투입한다.     dylee@yna.co.kr,서울특별시교육청 로고[연합뉴스TV 제공]
65,20211114,'친환경자동차·AI전자과'…서울 특성화고 학과 개편 추진,서울시교육청이 올해 미래 지향적 신산업분야 진출을 위해 특성화고등학교 학과 재구조화·개편을 추진하고 학과당 5억원씩 지원한다.  …,머니투데이,한민선 기자,https://news.naver.com/main/read.naver?mode=LS2D&mid=shm&sid1=102&sid2=250&oid=008&aid=0004670093,https://imgnews.pstatic.net/image/origin/008/2021/11/14/4670093.jpg,서울시교육청이 올해 미래 지향적 신산업분야 진출을 위해 특성화고등학교 학과 재구조화·개편을 추진하고 학과당 5억원씩 지원한다.서울시교육청은 이 같은 내용의 '2021 직업계고 재구조화 지원 사업'을 실시한다고 14일 밝혔다. 특성화고등학교 학과 재구조화는 2016년부터 교육부와 교육청이 함께 사업을 진행하고 있다. 지역 여건과 산업수요에 맞춘 유망 분야를 고려한 개편을 통해 직업교육의 질적 개선을 높이는 데 주안점을 두고 있다.서울에서는 올해 21개교 27개 학과가 사업에 선정됐다. 스마트펫(PET)경영과|, 친환경자동차과|, 반려동물케어과|, 바이오코스메틱과|, AI전자과 등 신산업분야가 다수 포함됐다.이들 학교의 시설·기자재 확보|, 학생 교육활동|, 학습자료 개발 등 실습환경 개선을 위해 1학과(2학급)에 5억원의 예산을 지원한다. 교육과정 편성·운영에 대한 컨설팅과 연수를 통해 개편 학과의 신입생 모집 준비도 지원하고 있다.또 인공지능 분야로 특화된 학과로 개편 운영하는 특성화고의 경우 인공지능(AI) 고등학교로 선정해 교당 3억원의 예산을 지원한다. 지난해 4교 선정에 이어 올해도 4교를 선정했다. 서울시교육청은 지역의 특성과 학생·학부모 수요|, 학교 여건 등을 고려해 경찰행정과|, 부사관행정과 등 39개 학과를 교육청 자체 신설학과로 개편 승인했다. 2022학년도 특성화고등학교 신입생을 모집한다. 조희연 서울시교육감은 "특성화고는 우리의 미래다"라며 "이미 도래한 4차 산업혁명 시대에 부응하는 특성화고 교육시스템을 체계적으로 마련해 직업교육을 활성화하고|, 이를 통해 미래 핵심역량과 전문성을 갖춘 신산업분야 기술인재를 양성할 수 있도록 적극 지원하겠다"고 말했다.,/사진=뉴스1
66,20211114,"뜨는 산업 배우자"…서울 특성화고 27개과 구조개편,기사내용 요약 21개교 선정해 학과당 5억원 지원…내년 8월부터 개편 한양공고 친환경자동차과|, 일신여상 스마트펫경영과 등 [서울 …,뉴시스,,https://news.naver.com/main/read.naver?mode=LS2D&mid=shm&sid1=102&sid2=250&oid=003&aid=0010830613,https://imgnews.pstatic.net/image/origin/003/2021/11/14/10830613.jpg,기사내용 요약21개교 선정해 학과당 5억원 지원…내년 8월부터 개편한양공고 친환경자동차과|, 일신여상 스마트펫경영과 등[서울=뉴시스]김경록 기자 = 시시각각 급변하는 4차 산업구조에 대응하기 위해 서울 특성화고 21개교가 학과 구조개편을 추진한다.14일 서울시교육청에 따르면 직업계고 21개교가 27개 학과는 준비 과정을 거쳐 2023학년도 3월부터 새로운 학과의 신입생을 모집할 계획이다. 선정된 27개 학과를 살펴보면 서울 중구 소재 성동글로벌경영고는 글로벌경영과를 반려동물케어과로|, 한양공고는 자동차과를 친환경자동차과로 개편했다. 송파구에 위치한 일신여자상고는 국제통상과를 스마트펫(PET)경영과로  탈바꿈했다. 교육청은 개편되는 21개의 직업계고가 학과 개편에 맞춰 시설 확충|, 교원연수 등을 추진할 수 있도록 2022년 3월 각 학과에 5억원의 예산을 지원할 예정이다. 인공지능(AI) 분야 학과로 개편해 운영하는 학교의 경우 4개교에 3억원씩 지원한다. 조희연 서울시교육감은 "4차 산업혁명 시대에 부응하는 특성화고 교육시스템을 체계적으로 마련해 직업교육을 활성화할 것"이라며 "이를 통해 역량과 전문성을 갖춘 신산업분야 기술인재를 양성할 수 있도록 지원하겠다"고 밝혔다.,[서울=뉴시스] 김선웅 기자 = 조희연 서울시교육감이 지난 4일 오전 직업계고 취업지원 차 서울 용산철도고등학교를 방문해 철도 시뮬레이터를 체험하고 있다. 2021.11.14. mangusta@newsis.com
67,20211114,"신종 학교폭력 알아두자"…서울교육청|, '스쿨벨' 운영,기사내용 요약 사이버 학폭 비중 2019년 8.9%→2020년 12.3%로 늘어 '스쿨벨'|, 신종 학교폭력 사례 전파…잠재적 피 …,뉴시스,,https://news.naver.com/main/read.naver?mode=LS2D&mid=shm&sid1=102&sid2=250&oid=003&aid=0010830610,https://imgnews.pstatic.net/image/origin/003/2021/11/14/10830610.jpg,기사내용 요약사이버 학폭 비중 2019년 8.9%→2020년 12.3%로 늘어'스쿨벨'|, 신종 학교폭력 사례 전파…잠재적 피해 예방[서울=뉴시스]김경록 기자 = 서울시교육청이 서울경찰청과 함께 신종 학교폭력 사례를 카드뉴스·포스터로 공유하는 '스쿨벨' 프로그램을 오는 15일부터 운영한다고 14일 밝혔다.학교 종을 치듯 학생·학부모·교사가 모두 주의를 기울이게 한다는 뜻의 '스쿨벨'은 최근 얼굴 합성 '딥페이크'|, 온라인 그루밍 등 새로운 학교폭력 유형을 교육 현장에 알려 피해를 예방하는 프로그램이다.인터넷을 활용한 온라인 학교폭력 사례는 매년 증가하고 있다. 지난 7월 국회입법조사처에 따르면 2019년 전체 학교폭력 유형 중 8.9%였던 사이버 학교폭력의 비중은 2020년 12.3%로 증가해|, 모든 학교폭력 유형 중 가장 크게 늘어난 것으로 조사됐다.교육청은 서울경찰청과 협력해 2개월마다 카드뉴스 등을 발행해 일선 학교에 알릴 예정이다. 각 학교는 '스쿨벨' 자료를 학교 홈페이지와 가정통신문 등을 통해 학생과 학부모에 안내한다.교육청은 "이번 사업으로 학교 구성원들에게 학교폭력에 대한 이해와 경각심을 높이고|, 선제적으로 학교폭력을 예방하는 대표적인 협업 사례로 자리잡길 바란다"며 기대감을 나타냈다.,[서울=뉴시스] 2019년 전체 학교폭력 중 8.9%를 차지했던 사이버학교폭력은 2020년 12.3%로 모든 유형 중 가장 크게 증가했다. 2021.11.14. photo@newsis.com *재판매 및 DB 금지
68,20211114,서울교육청|, 특성화고 '재구조화' 학과에 5억원씩 지원,(서울=뉴스1) 정지형 기자 = 서울시교육청이 특성화고 학과 재구조화 추진을 위해 예산 지원에 나선다. 서울시교육청은 14일 관 …,뉴스1,정지형 기자,https://news.naver.com/main/read.naver?mode=LS2D&mid=shm&sid1=102&sid2=250&oid=421&aid=0005721801,https://imgnews.pstatic.net/image/origin/421/2021/11/14/5721801.jpg,21개교 27개 학과|, 재구조화 사업에 선정AI 특성화고 4개교 추가 선정…3억원씩 지원(서울=뉴스1) 정지형 기자 = 서울시교육청이 특성화고 학과 재구조화 추진을 위해 예산 지원에 나선다.서울시교육청은 14일 관내 특성화고 21개교 27개 학과가 올해 학과 재구조화 사업에 선정됐다고 밝혔다.스마트펫(PET)경영과|, 친환경자동차과|, 반려동물케어과|, 바이오코스메틱과|, AI(인공지능)전자과 등 신산업분야 학과가 재구조화 사업에 다수 선정됐다.개편되는 학과에는 1학과(2학급)당 예산 5억원이 지원된다.지원금은 전문교과 교육과정 운영에 필요한 실습환경 개선을 위한 시설·기자재 확보와 학생 교육활동|, 학습자료 개발 등에 사용된다.서울시교육청은 교육과정 편성과 운영 관련 컨설팅과 연수를 통해 개편된 학과의 신입생 모집 준비도 밀착 지원한다는 계획이다.특성화고 학과 재구조화는 지난 2016년부터 교육부와 교육청이 함께 진행 중인 사업이다.지역 여건과 산업수요에 맞춘 미래 유망 분야로 학과를 재구조화해 중등 직업교육 질을 개선하는 것이 목적이다.또 서울시교육청은 지난해 4개교에 이어 올해도 인공지능 특성화고를 4개교 선정했다고 밝혔다.새로 선정된 광운전자공업고·세명컴퓨터고·한세사이버보안고·송파공업고에는 인공지능 전문 기술교육 기반 구축을 위해 학교당 예산 3억원이 지원된다.광운전자공업고는 인공지능 특성화고 선정에 맞춰 교명도 광운인공지능고로 바꾸기로 했다.이 밖에 서울시교육청은 경찰행정과|, 부사관행정과 등 39개 학과를 교육청 자체 신설학과로 개편 승인하고|, 2022학년도 특성화고등학교 신입생 모집을 진행한다고 밝혔다.,서울 종로구 서울시교육청. 2021.3.23/뉴스1 © News1 김진환 기자
69,20211114,"계정 빌려주니 비번 바꿔"…신종 학폭 정보|, '스쿨벨시스템'서 받는다,(서울=뉴스1) 김진 기자 = 서울경찰청과 서울시교육청이 휴대전화 애플리케이션(앱) 등을 이용한 신종 학교폭력 정보를 공유하기  …,뉴스1,김진 기자,https://news.naver.com/main/read.naver?mode=LS2D&mid=shm&sid1=102&sid2=250&oid=421&aid=0005721797,https://imgnews.pstatic.net/image/origin/421/2021/11/14/5721797.jpg,서울경찰청·서울시교육청 15일부터 운영…학생·학부모·교사 대상온·오프라인서 피해사례 공유…제보사례 선정될 시 포상(서울=뉴스1) 김진 기자 = 서울경찰청과 서울시교육청이 휴대전화 애플리케이션(앱) 등을 이용한 신종 학교폭력 정보를 공유하기 위한 '스쿨벨 시스템' 운영에 나선다. 서울경찰청은 서울시교육청과 함께 15일부터 학생(83만명)|, 학부모(150만명)|, 교사(7만명) 등을 대상으로 신종 학교폭력 정보를 온·오프라인상에서 공유하는 스쿨벨 시스템을 운영한다고 14일 밝혔다. 이는 최근 얼굴을 합성한 딥페이크|, 카카오톡 계정 뺏기 등 신종 학교폭력 범죄가 사회관계망서비스(SNS)를 통해 빠르게 전파되는 반면 이를 사전에 알지 못해 피해를 입는 학생과 학부모가 늘고 있는 데 따른 조치다. 경찰이 공개한 대표 사례를 보면 한 고등학교 1학년 학생은 "친구가 킥보드를 타는데 앱 인증번호가 필요하다며 제 휴대전화로 문자가 갈테니 번호를 알려달라고 했다"며 "무서워서 알려줬는데 나중에 제 휴대전화로 킥보드 사용료가 결제됐다"고 했다. 한 중학교 3학년 학생은 "카톡 계정을 빌려줬는데 비밀번호를 바꿔놨다"며 "요새 카톡 계정을 팔면 (돈을) 얼마 받는다는 걸 들었는데 저한테 협박을 하니 무서워서 줄 수 밖에 없었다"고 했다. 이에 경찰과 서울시교육청 관계자|, 현직 교사가 참여하는 태스크포스팀(TF)은 현장 의견을 반영해 스쿨벨 시스템을 설계했다. 스쿨벨은 '학교종이 울리면 학생과 교사 모두 주의를 기울인다'는 의미다.우선 학교폭력 신고센터인 117센터에 신고된 사건과 학교폭력대책심의위원회 사례|, 학교전담경찰관(SPO) 활동 중 인지된 사건 중 신속하게 전파할 필요성이 있는 내용이 사례로 선정된다. 사례는 카드뉴스나 포스터 형식의 자료로 제작돼 학생·학부모 등에게 2개월에 한 번씩 공유된다. 학교 홈페이지 등 온라인과 학교 게시판(1407개교)에 포스터를 20부씩 부착하는 방식이다. 경찰은 SPO를 중심으로 학생 대상 범죄예방교육을 실시하고 SNS를 통한 공유 활동을 전개할 예정이다. TF는 카카오톡 채널 '스쿨벨'을 개설하고|, 제보된 사례가 공유사례로 선정될 시 포상하는 직접 참여 시스템을 구축했다. 최관호 서울경찰청장은 "신종 학교폭력에 대한 입체적 정보공유를 통해 학생과 학부모가 경각심을 가져 사전에 예방하고자 하는 게 핵심"이라며 "학생과 학부모가 치안정책에 직접 참여하는 시스템을 마련한 의미가 있다"고 했다.,(사진제공=서울경찰청) © 뉴스1
70,20211114,"학폭 대응법 '스쿨벨'에서 확인하세요"…교육청-경찰청 맞손,(서울=뉴스1) 장지훈 기자 = 서울시교육청은 14일 서울경찰청과 협력해 학교폭력 사례와 대응 방법을 신속하게 현장에 전파하는  …,뉴스1,장지훈 기자,https://news.naver.com/main/read.naver?mode=LS2D&mid=shm&sid1=102&sid2=250&oid=421&aid=0005721795,https://imgnews.pstatic.net/image/origin/421/2021/11/14/5721795.jpg,2개월마다 학폭 사례·대응법 온·오프라인으로 전파(서울=뉴스1) 장지훈 기자 = 서울시교육청은 14일 서울경찰청과 협력해 학교폭력 사례와 대응 방법을 신속하게 현장에 전파하는 '스쿨벨' 서비스를 15일부터 운영한다고 밝혔다. 스쿨벨은 '딥페이크' '온라인 그루밍' 등 새로운 유형의 학교폭력이 빠르게 증가하고 있지만 학생과 학부모에게 잘 알려지지 않아 추가 피해가 발생하고 대책 마련도 늦어지는 문제를 해결하기 위해 추진됐다. 서울시교육청|, 교육지원청|, 117신고센터|, 학교전담경찰관(SPO) 등이 확인한 다양한 학교폭력 사례 가운데 빠르게 전파할 필요성이 있는 내용을 골라 2개월마다 학교 현장과 학부모에게 카드뉴스 등 형식으로 전달하는 서비스다. 온라인으로는 e학습터와 온라인클래스|, 소셜미디어(SNS)|, 모바일 메신저 등을 통해 공유된다. 오프라인에서도 학급 게시판에 게재하거나 가정통신문을 발송하는 방식으로 학생과 학부모에게 공유할 예정이다. 서울시교육청 관계자는 "이번 사업이 지속해서 진행돼 학교 구성원의 학교폭력에 대한 이해와 경각심을 높이고 유관기관이 선제적으로 학교폭력 예방에 나선 협업 사례로 자리잡기를 기대한다"고 밝혔다.,서울시교육청 제공. © 뉴스1
71,20211114,확진·격리 수험생도 수능 응시…감독관은 레벨D 방호복,확진자는 병원·생활치료센터|, 격리자는 별도시험장서 KF94 쓰고 시험 (서울=연합뉴스) 김지연 기자 = 오는 18일로 예정된 2 …,연합뉴스,김지연 기자,https://news.naver.com/main/read.naver?mode=LS2D&mid=shm&sid1=102&sid2=250&oid=001&aid=0012790767,https://imgnews.pstatic.net/image/origin/001/2021/11/14/12790767.jpg,확진자는 병원·생활치료센터|, 격리자는 별도시험장서 KF94 쓰고 시험    (서울=연합뉴스) 김지연 기자 = 오는 18일로 예정된 2022 대학수학능력시험(수능)은 신종 코로나바이러스 감염증(코로나19) 유행 속 치러지는 두 번째 수능이다.    14일 교육부와 서울시교육청에 따르면 확진 수험생은 병원이나 생활치료센터에 입원·입소한 상태로 시험을 보며 자가격리 수험생들은 당일 별도 시험장으로 이동해 응시하게 된다.    지난 9일 기준으로 전국에서 병상 등 배정이 필요한 확진 수험생은 66명|, 수능일 이후까지 자가격리가 유지돼 별도시험장 배정이 예정된 수험생은 12명이다.    전국 1천394개 시험장 중에서 확진 수험생들을 위해 확보된 병원과 생활치료센터는 31곳 383병상이며 격리 수험생을 위한 별도 시험장은 3천99명이 응시 가능한 112곳이다.    일반 시험장 수험생들에게는 KF-AD 이상이나 수술용 마스크가 권장되지만|, 별도 시험장의 격리 수험생들은 KF94 등급 이상의 마스크를 착용해야 한다. 확진 수험생은 병원 내 지침을 적용받는다.    별도 시험장은 시험실 당 4명 이내만 배정하고 쓰레기를 의료폐기물로 처리하는 등 일반 시험장보다 방역 조치가 강화된다.    서울에는 병원·생활치료센터 시험장 2곳에 120병상이 설치되며 별도시험장은 22곳이 마련된다.    확진 수험생들이 응시하는 병원·생활치료센터 감독관들은 레벨 D 방호복을 착용한다. 전신보호복과 장갑|, 안면 보호구 등으로 구성돼 코로나19 대응 의료진이 착용하는 수준의 방호복이다. 작년 12월 3일 수능일에 자가격리 중 119구급차를 타고 시험장에 도착한 수험생. [연합뉴스 자료사진]    자가격리 수험생을 위한 별도시험장 감독관들은 의료용 가운을 포함한 보호구 세트 또는 레벨D 방호복을 착용한다.    교육청 관계자는 "별도 시험장 감독관들은 자원을 받아 시험장 규모에 맞게 배치해 준비 중"이라며 "다음 주에 시험장별로 감독관 교육을 진행하며 특히 병원과 생활치료센터 감독관들은 방호복 착용 연습 등 별도로 방역 교육을 시행한다"고 설명했다.    유은혜 부총리 겸 교육부 장관과 조희연 서울시 교육감은 15일 별도 시험장 중 하나인 서울 서대문구 한성과학고에서 수능 시험장 방역 계획을 점검할 예정이다.    cherora@yna.co.kr,작년 12월 3일 수능 당시 확진 수험생들이 응시한 서울 생활치료센터 모습 [연합뉴스 자료사진]
72,20211114,충북교육청|, 중3 대상 찾아가는 진로디자인 컨설팅 진행,(청주=뉴스1) 이성기 기자 = 충청북도교육청은 오는 12월 말까지 도내 중학교 3학년 학생을 대상으로 '예비 고1을 위한 찾아 …,뉴스1,이성기 기자,https://news.naver.com/main/read.naver?mode=LS2D&mid=shm&sid1=102&sid2=250&oid=421&aid=0005721743,https://imgnews.pstatic.net/image/origin/421/2021/11/14/5721743.jpg,예비 고1 교실로 찾아가 고교학점제 등 진로 컨설팅(청주=뉴스1) 이성기 기자 = 충청북도교육청은 오는 12월 말까지 도내 중학교 3학년 학생을 대상으로 '예비 고1을 위한 찾아가는 진로디자인 컨설팅'을 진행한다고 14일 밝혔다.이번 컨설팅은 고교학점제 시행에 따라 중학교 3학년에서 고등학교 1학년으로 이어지는 학교급 전환기의 진로교육이 더욱 강조됨에 따라 기획했다.충북진로교육지원단과 고등학교 교사로 구성한 컨설턴트 68명이 중학교 3학년 교실을 찾아가 학생들에게 고교학점제를 소개하고 진로·진학에 대한 고민 해결에 도움을 준다. 운영 예정 학교는 77개교|, 대상 학생은 1만여 명이다. 계속해서 신청을 받아 운영할 예정이다. 컨설팅은 고교학점제와 고등학교 교육과정 안내|, 진로에 따른 고등학교 선택과 학업 설계|, 상급학교 진학 연계 진로 상담 등으로 구성한다.충북교육청은 컨설팅에 앞서 지난 10월 '예비 고1을 위한 진로디자인 워크북'을 개발해 도내 중학교 128개교에 보급했다. 워크북은 내년 고등학교에 입학하는 현 중학교 3학년 학생들에게 1인당 1부씩 제공했으며|, 이번 진로디자인 컨설팅에도 활용한다.컨설팅에 참가한 한 학생은 "고등학교 입학을 앞두고 고교학점제와 교육과정에 대해 자세히 알 수 있었고|, 꿈과 진로에 대해 깊이 있게 생각해보는 계기가 됐다"고 말했다. 충북교육청 관계자는 "이번 진로디자인 컨설팅을 통해 중학생의 고교학점제에 대한 이해를 높이고|, 학교급 전환기의 자기 주도적 진로·학업 설계 역량을 키울 수 있을 것"이라고 기대했다.,충청북도교육청은 오는 12월 말까지 도내 중학교 3학년 학생을 대상으로 '예비 고1을 위한 찾아가는 진로디자인 컨설팅'을 진행한다.© 뉴스1
73,20211114,서울대 '국가미래전략원' 신설…명예원장에 반기문 내정,(서울=연합뉴스) 홍유담 기자 = 서울대가 국가적 과제 해결을 위한 싱크탱크 '국가미래전략원'을 신설한다. 14일 연합뉴스 취재 …,연합뉴스,홍유담 기자,https://news.naver.com/main/read.naver?mode=LS2D&mid=shm&sid1=102&sid2=250&oid=001&aid=0012790741,https://imgnews.pstatic.net/image/origin/001/2021/11/14/12790741.jpg,    (서울=연합뉴스) 홍유담 기자 = 서울대가 국가적 과제 해결을 위한 싱크탱크 '국가미래전략원'을 신설한다.    14일 연합뉴스 취재를 종합하면 서울대 평의원회는 지난달 21일 '서울대학교 국가미래전략원 설립안'을 통과시켰다.    국가 발전을 위한 장기 연구과제를 수행하고 비전을 모색하기 위한 취지로 세워지는 국가미래전략원은 2019년 출범한 본부 산하의 기존 국가전략위원회와 달리 독립적인 상설 조직으로 운영된다.    이와 관련|, 서울대는 국가미래전략원장과 함께 활동할 '명예원장'직을 두고|, 여기에 반기문 전 유엔 사무총장을 내정한 것으로 알려졌다.    국제 무대에서 활동해온 저명 인사인 반 전 총장이 새 조직의 '얼굴'로 나서 연구 성과를 배가하는 적극적인 역할을 맡을 수 있다는 구상이다.    서울대 핵심 관계자는 "국가미래전략원은 그간 분절돼 있던 학내 연구 성과를 집대성해 외부에 확산시킬 것"이라며 "연구 성과를 모으는 것은 학내 구성원인 원장이 맡고|, 명예원장은 이를 외부에 전파하는 대외적 연결고리가 될 것"이라고 했다.    서울대는 내부 교수 출신 중에서 뽑을 예정인 원장과 명예원장의 '투톱' 체제로 국가미래전략원을 운영하겠다는 방침이다.10월 10일 오전 광주 서구 김대중컨벤션센터에서 열린 '2021 빛가람국제전력기술엑스포(빅스포)' 개막식에서 반기문 전 유엔사무총장이 기조연설을 하고 있다. [연합뉴스 자료사진]    국가미래전략원은 인선 등을 거쳐 이르면 다음 달|, 늦어도 내년 1월께 공식 출범할 전망이다. 역할이 겹치는 국가전략위원회는 해체 수순에 들어간다.    다른 서울대 관계자는 "과거와 달리 국가적 위기나 사회적인 불안 상황에서 서울대의 소위 '스타 교수'들이 방향을 제시하는 경우가 적어졌다"며 "서울대의 사회적 기여가 부족하다는 문제의식에 공감대가 커진 가운데 국가미래전략원이 향후 상당한 역할을 해낼 것으로 기대한다"고 말했다.    ydhong@yna.co.kr,서울대학교 정문 [연합뉴스 자료사진]
74,20211114,서울대 '순혈주의' 여전…교수 78%가 서울대 동문,여성·외국인 교원 비중 여전히 낮아…"동종교배로 학문 경직성" (서울=연합뉴스) 홍유담 기자 = 현직 서울대 교수 10명 중 8 …,연합뉴스,홍유담 기자,https://news.naver.com/main/read.naver?mode=LS2D&mid=shm&sid1=102&sid2=250&oid=001&aid=0012790739,https://imgnews.pstatic.net/image/origin/001/2021/11/14/12790739.jpg,여성·외국인 교원 비중 여전히 낮아…"동종교배로 학문 경직성"    (서울=연합뉴스) 홍유담 기자 = 현직 서울대 교수 10명 중 8명꼴로 이 학교 동문 출신으로 확인됐다.    서울대 다양성위원회(다양성위)가 '다양성 임용'의 세 가지 조건으로 타교 학부 출신·여성·외국인을 내걸고 활동한 지 5년이 됐지만|, 학내 폐쇄적인 임용 문화에 가로막혀 뚜렷한 성과를 내지 못하고 있다는 지적이 나온다.    14일 열린민주당 강민정 의원이 서울대에서 제출받은 자료에 따르면 올해 10월 기준 서울대 전임교원 2천139명 가운데 서울대 학부 출신이 77.7%(1천663명)를 차지했다.    타교 학부 출신 교원 비중은 22.3%에 불과했다.    다양성위가 출범한 2016년 당시(서울대 학부 출신 81.4%|, 타교 출신 18.6%)와 비교해 3.7%포인트 오르내리는 데에 그친 셈이다.    또 2019∼2021년 신규 채용 교원 291명 중 서울대 학부 출신은 67.7%(197명)에 이르는 것으로 집계됐다.    현행 교육공무원임용령에 신규 임용된 대학교원 중 특정 대학의 학사 학위 소지자가 2009년 1월부터 누적 기준으로 3분의 2를 초과하지 않도록 규정돼 있는 것에 비춰봐도 '순혈주의' 관행이 여전하다는 비판이 나오는 대목이다.    현재 총장과 부총장|, 처장|, 부처장|, 본부장|, 부본부장 등 서울대 주요 보직 교원 21명 중에서도 서울대 학부 출신이 17명으로 대부분이다.    교육계에서는 앞서 서울대 측이 '한국의 교육 현실에서 이런 제한 규정이 역차별이 될 수 있다'는 입장을 표명하는 등 교육공무원임용령 규정에 부정적인 학내 분위기가 문제라는 비판이 나온다.    여성·외국인 측면에서도 다양성 수준은 크게 개선되지 않고 있다.    올해 10월 기준 전체 교원 중 여성 비율은 18.4%였다. 2016년 15.0%와 비교해 3.4%포인트 늘었으나 교육공무원임용령에 따라 여성 교원 비중을 2030년까지 25%로 늘려야 한다는 점을 고려하면 여전히 미흡한 수준이다.    학부 단과대 중 여성 교원 비중이 가장 낮은 곳은 공대(5.3%)였고|, 이어 농생대(7.8%)|, 자연대(11.4%)|, 경영대·자유전공학부(12.5%) 등 순이었다.    2019∼2021년 신규 채용 교원 중 여성 비율은 26.1%였고|, 보직 교수 21명 중에서도 여성은 4명뿐이었다.    외국인 교원 비율은 올해 10월 기준 5.2%였고|, 최근 3년간 뽑은 교원 가운데 차지하는 비중은 8.6%였다. 주요 보직을 맡은 외국인 교원은 단 1명이었다.    한 서울대 교수는 "서울대가 국제적인 대학으로 나아가기 위해서는 '동종교배'에 가까운 지금의 임용 관행을 바꾸어야 한다"며 "선후배나 사제 간으로 얽힌 교수 사회에서는 비판적인 연구를 할 수 없고 학문의 경직성이 굳어진다"고 지적했다.    다른 교수는 "3분의 2까지는 자교 학부 출신을 합법적으로 뽑을 수 있게 하는 쿼터제 자체가 문제"라며 "다양성 임용 비중을 적어도 50%까지 확대해야 한다"고 주장했다.    ydhong@yna.co.kr,서울대학교 [연합뉴스TV 캡처]
75,20211114,학부모 절반 이상 "우리 사회|, 아이 키우기에 안전하지 않아",초록우산어린이재단 조사…불안 요인 1위로 '범죄발생' 꼽아 "정치 참여 높은 학부모|, 적극적인 아동 권리 옹호활동 경향" (서울 …,연합뉴스,송은경 기자,https://news.naver.com/main/read.naver?mode=LS2D&mid=shm&sid1=102&sid2=250&oid=001&aid=0012790738,https://imgnews.pstatic.net/image/origin/001/2021/11/14/12790738.jpg,초록우산어린이재단 조사…불안 요인 1위로 '범죄발생' 꼽아"정치 참여 높은 학부모|, 적극적인 아동 권리 옹호활동 경향"    (서울=연합뉴스) 송은경 기자 = 초·중·고등학생 자녀를 둔 학부모의 절반 이상이 우리 사회가 아이 양육에 있어 안전하지 않다는 인식을 가진 것으로 나타났다.    저출산 위기를 극복하기 위해서는 양육 환경에 대한 불안감을 해소하는 것이 급선무라는 지적이 나온다.    14일 초록우산어린이재단 아동복지연구소가 지난 8월 25일부터 9월 3일까지 만 5∼17세 첫째 자녀를 둔 전국의 성인남녀 1천명을 대상으로 온라인 설문 조사한 결과를 보면 응답자의 51.1%는 "우리 사회는 자녀를 키우기에 안전하지 않다"고 답했다.    특히 '전혀 안전하지 않다'는 응답은 5.9%로|, '매우 안전하다'는 응답(0.7%)보다 8배 이상 많았다.    안전하지 못하다고 응답한 학부모들은 우리 사회의 불안 요인으로 유괴|, 아동학대|, 살인|, 성폭력 같은 범죄발생(53.4%·273명)을 가장 많이 꼽았다.    빈부격차로 인한 계층갈등(14.9%·76명)|, 신종바이러스 등 신종질병(11.5%·59명)|, 부정부패 등 도덕성 부족(6.8%·35명)|, 파산과 실업 등 경제적 위험(5.5%·28명) 등이 그 뒤를 이었다.    생애주기 중 자녀 양육 지원이 가장 필요한 시기로는 '취학 전 영유아기'(33.0%)를 택한 이가 다수였다. 그 다음으로 '초등학생 시기'(27.2%)|, '고등학생 시기'(17.9%)|, '중학생 시기'(9.4%) 순이었다.    정부의 가족정책 설계 시 최우선으로 둬야 할 정책으로는 '아이의 정서적 건강과 행복 지원'(38.5%)을 가장 많이 꼽았고|, 그 다음으론 '부모의 경제적 부담 경감'(37.5%)을 택했다.    한편 응답자의 87.3%는 아동 권리 옹호활동에 참여할 의향이 있다고 밝혔다.    아동 권리 옹호활동에 참여할 의사가 있는 학부모들은 참여 의사가 없는 학부모들보다 정치에 대한 관심이 많고 사회적 이슈에 대해 활발히 의견표현을 경향이 있었다고 아동복지연구소는 분석했다.    특히 최근 치러진 네 번의 선거(2020년 총선·2018년 지선·2017년 대선·2016년 총선)에서 아동 권리 옹호활동에 참여할 의사가 있는 학부모들의 투표율이 더 높았다.    학부모 집단을 아동 권리 옹호활동 참여 의사 유무로 나누고 이들의 투표 횟수를 분석한 결과 아동 권리 옹호활동에 참여할 의사가 있는 부모들은 3.49회|, 참여 의사가 없는 부모들은 3.11회 투표에 참여한 것으로 나타났다.    초록우산어린이재단 관계자는 "부모의 정치 참여도가 높을수록 적극적인 아동 옹호활동으로 이어지는 것"이라며 "재단의 아동 옹호활동 10주년을 맞아 아동권리 증진을 위해 더욱 힘쓰겠다"라고 말했다.    norae@yna.co.kr,3월 2일 오전 부산 동래구 내성초등학교에서 입학생이 학부모의 손을 잡고 입학식 포토존 앞으로 걸어가는 모습 [연합뉴스 자료사진]
76,20211114,[수능 D-4] 혹시나 확진될까 노심초사…"집에서 마무리",(서울=뉴스1) 정지형 기자 = 대학수학능력시험(수능)을 나흘 앞두고 수험생들은 코로나19 확진을 피하고자 최대한 외출을 자제하 …,뉴스1,정지형 기자,https://news.naver.com/main/read.naver?mode=LS2D&mid=shm&sid1=102&sid2=250&oid=421&aid=0005721724,https://imgnews.pstatic.net/image/origin/421/2021/11/14/5721724.jpg,연일 신규 확진 2000명대…조심스러운 수험생"위드코로나로 경각심 낮아져 굉장히 걱정"(서울=뉴스1) 정지형 기자 = 대학수학능력시험(수능)을 나흘 앞두고 수험생들은 코로나19 확진을 피하고자 최대한 외출을 자제하며 막바지 학습에 매진하고 있다.14일 교육계에 따르면|, 고등학교 3학년 수험생은 대체로 백신접종을 일찍이 완료했지만 혹시나 확진될까 하는 불안한 마음에 가정에서 마무리 학습을 하는 경우가 적지 않다.지난해도 수능 전후로 코로나19 확산세가 가팔라지면서 수능방역 상황이 우호적이지는 않았다.다만 전국 신규 확진자 발생 규모가 당시는 400~600명대였지만 지금은 연일 2000명대를 이어가고 있어 백신만 믿고 마음을 놓기는 어렵다.경남 창원시에 사는 고교 3학년 수험생 이혜진양(18·가명)은 "위드코로나(단계적 일상회복)로 사람들이 밖에 더 많이 나가는데 수험생 입장에서는 너무 불안하다"고 밝혔다.매주 하던 대로 수능 시간표에 맞춰 주말에 6·9월 모의평가를 한 번 더 풀어볼 예정이라는 혜진양은 "혹시나 밖에 나갔다가 코로나19에 걸릴까 봐 편하게 집에서 공부하고 있다"고 말했다.광주시 서구에 사는 이연진양(18·가명)도 가장 취약한 과목인 수학만 학원에서 마무리 학습을 하고 나머지 과목은 집에서 기출문제를 풀면서 수능을 준비하고 있다.연진양은 "사람이 많은 곳에 나가기보다 집이 안전할 것 같다"며 "코로나19와 공존하며 입시를 준비한 지도 오래돼 두려움은 덜하지만|, 위드코로나로 전환되면서 사람들의 경각심이 낮아진 것은 굉장히 걱정"이라고 말했다.코로나19 확진 수험생은 별도로 지정된 병원이나 생활치료센터에 입소해 수능을 치른다. 시험 당일 새벽 확진판정을 받아도 즉각 병원이나 생활치료센터로 입소해 시험을 본다.교육부는 지난 9일 기준으로 준비된 병원과 생활치료센터 병상은 총 383개라고 밝혔다.수험생 입장에서는 코로나19 확진판정을 받을 경우 자칫 낯선 환경에서 시험을 쳐야 해 수능 결과에도 영향을 미칠 여지가 크다. 수능을 목전에 두고 확진돼 이송 절차를 밟으면 학습시간을 빼앗기며 심리적으로도 흔들릴 위험이 있다.이 때문에 수험생이 있는 가정에서는 가족들도 코로나19 감염을 피하려고 조심스러운 나날을 보내고 있다.경기 하남시에 사는 문현민양(18)은 "가족 외식을 안 한 지가 거의 한 달 정도 된 것 같다"며 "생일이 얼마 전이었는데 생일 때도 그냥 배달 음식을 시켜 먹는 것으로 결정됐다"고 말했다.코로나19 확진 우려가 있지만 현민양은 집보다는 집중이 더 잘 되는 독서실을 이용하면서 수능을 준비 중이다.현민양은 "방역수칙과 거리두기를 잘 지켜지는 독서실을 이용하고 있다"며 "백신을 접종했다고 해도 학교나 학원에서 많은 확진자가 주변에 있어서 걱정이 많이 되는 게 사실"이라고 말했다. 다만 "지금은 코로나 생각보다는 수능 걱정이 앞선다"고 했다.한편 교육부는 수능 전 방역당국에서 코로나19 확진이나 자가격리 통보를 받은 수험생은 즉시 보건소에 수능 지원자라는 사실을 밝혀야 한다고 당부했다. 관할 교육청에도 격리 또는 확진 사실과 연락처 등을 신고해야 별도시험장을 배정받을 수 있다.2022학년도 대학수학능력시험(수능)을 일주일 앞두고 전국 모든 고등학교에서 코로나19 방역 대책으로 원격수업이 시작된 지난 11일 서울 송파구 한 고교에서 교사가 학생들과 원격수업을 진행하고 있다. /뉴스1 © News1 박세연 기자,지난 12일 서울 종로구 조계사에서 불자들이 기도를 하고 있다. 2021.11.12/뉴스1 © News1 송원영 기자
77,20211114,'위드 코로나'로 대학가 동아리 활기 찾을까 [스물스물],옷장에 넣어둔 태권도 도복 꺼내 "동아리방 개방 허용해줬으면" 1일부터 단계적 일상 회복 조치인 '위드 코로나'가 시행되는 가운 …,매일경제,한상헌 기자,https://news.naver.com/main/read.naver?mode=LS2D&mid=shm&sid1=102&sid2=250&oid=009&aid=0004878664,https://imgnews.pstatic.net/image/origin/009/2021/11/14/4878664.jpg,옷장에 넣어둔 태권도 도복 꺼내"동아리방 개방 허용해줬으면" 1일부터 단계적 일상 회복 조치인 '위드 코로나'가 시행되는 가운데 그간 대면 모임 제한으로 위축됐던 대학가 동아리 활동이 재개되고 있다.이화여자대학교 태권도동아리 '이화태권' 회원들은 옷장에 넣어둔 도복을 다시 꺼냈다. 동아리 부장 강희원 씨는 "인원 규제가 완화돼 더 많은 사람이 모여 운동할 수 있는 것이 가장 좋다"며 "학교 시설 대여도 가능해져 운동하기 더 편해졌다"고 말했다. 이어 "(방역 규제가 완화된지) 며칠 지나지 않았지만 벌써 동아리 분위기가 좋아지는 것 같다"고 덧붙였다.연세대학교 '연세전공알리미(YDMC)'는 3일 회원들에게 이달 말 2년 만에 홈커밍데이 행사를 개최한다고 알렸다. 관련 공지에는 "한동안 멈춰있던 YDMC가 다시 활기차게 일어서기를 기대하는 마음으로 연기됐던 홈커밍데이를 개최하고자 한다"고 명시됐다.교육부는 지난 29일 교육분야 단계적 일상회복 추진방안을 밝히며 대면활동 확대 기조를 유지할 것이라고 밝혔다. 여기에는 학생 간 교류 증진을 위한 학내 학생자치활동 활성화도 포함된다. 집단 활동과 공용 공간 사용을 자제하는 현행 지침은 대학 본부와 협의한 활동에 한해 비교적 느슨한 강의실 방역 기준을 적용하는 것으로 조정된다.이에 발맞춰 대학들도 움직이고 있다. 홍익대학교 총동아리연합회 관계자는 "밴드부 등 공연 분과 동아리 활동 장소는 6㎡에 1명씩 사전 신청을 받아 개방하기로 학교 측과 협의했다"고 말했다. 이화여자대학교 학생지원팀 관계자도 "11월 1일부터는 방역 규제 완화에 따라 공간 대여가 좀 더 자유로워졌다"고 전했다.한국외국어대학교 힙합동아리 '훕스 도비'에서 활동하는 정희도 씨는 "저희는 동아리방이 곧 연습실인데 그간 동아리방이 폐쇄돼 외부 시설을 대여하는 등 어려움이 많았다"며 "학교 측에 동아리방 개방을 요구하는 중이다"라고 설명했다. 연세대학교 농구동아리 '에어' 회장 진우찬 씨는 "이제 동아리 활동을 일괄적으로 금지하기보다는 기준을 세워 허용했으면 좋겠다"고 말했다.하지만 모든 동아리가 대면 활동을 확대하는 것은 아니다. 비대면 수업으로 학생들이 지방 곳곳에 거주하고 있는 등 아직 여건이 여의치 않은 곳도 많다. 회원들의 출석을 엄격하게 관리하는 연세대학교 '상사법학회'는 대면 활동으로 전환 시 지방에 거주하는 회원들이 겪을 어려움을 감안해 이번 학기가 끝나는 12월까지 계속 비대면으로 활동을 진행할 것이라고 밝혔다.,연세대학교 신촌캠퍼스 전경.
